Ticker,Short Name,ESG Disc Score:Y,Market Cap,Revenue T12M,P/E,Env Disc Sc:Y,Soc Disc Sc:Y,Gov Disc Sc:Y,Sust Gr Rt LF,Cntry of Dom,GICS SubInd,GICS SubInd Name,GICS Sector,Sustainalytics Soc Pctl:D-1,Sustainalytics Environ Pctl:D-1,Debt/Cap LF,% Women on Bd:Y,CEO Duality:Y,DPS LF,EBITA T12M,Total Return:D-1,NI / Profit T12M,LT Brrwng LF,ST Brrwng LF,Total Return YTD,# of Dir on Bd:D-1,Bd Avg Age:Y,Bd Age Limit:Y,% Indep Directors:Y,CEO Duality:Y,% of Non Exec Dir on Bd:D-1,GHG Scope 1:Y,GHG Scope 2:Y,Wtr Intens/Engy Cons:Y,Haz Waste:Y,Total Waste:Y,Tot Wtr Dschgd:Y,% Emp Union:Y,Tot Sal Pd to Execs:Y,Tot Sal & Bns Pd to Execs:Y
AEE US Equity,AMEREN CORP,34.71699905,14313026560,6131000064,22.88906708,33.10340118,17.1875,58.92860031,5.324763775,US,55103010,Multi-Utilities,Utilities,32.5396843,43.65079498,52.10465622,27.27269936,1,0.439999998,1452000000,-0.270498467,615000000,6921999872,1223000064,15.95816684,11,62.90909958,72,90.90910339,1,90.91000366,26795.59961,66.39700317,,,,4099120,53,2671000,2671000
AEP US Equity,AMERICAN ELECTRI,56.22639847,36188008448,15404599808,21.15122265,47.58620071,64.0625,69.64289856,4.945326805,US,55101010,Electric Utilities,Utilities,63.49206161,38.88888931,54.59471893,25,1,0.589999974,3527899904,-0.108624344,1885300032,18362400768,3418599936,20.92868481,12,63.16669846,72,91.66670227,1,91.66999817,99166.60156,11218.09961,,,,6600970,26.90200043,3884000,3884000
AES US Equity,AES CORP,44.62810135,7151986688,14138000128,9.952113996,37.98450089,33.33330154,71.4285965,-12.12365055,US,55105010,Independent Power Producers & Energy Traders,Utilities,61.90476227,38.09523773,75.50978088,20,0,0.119999997,,0.650554771,-768000000,19776000000,2256999936,-2.693485127,10,63.09999847,,90,0,90,70273,306,,,9024.419922,7386000,66,727833,727833
AGR US Equity,AVANGRID INC,38.49060059,15629487104,5921000064,22.82245951,27.58620071,48.4375,55.35710144,-1.541579962,US,55101010,Electric Utilities,Utilities,,,27.47593117,14.28569984,0,0.432000011,1116000000,-0.726200052,665000000,4767000064,998000000,38.56076482,14,60.85710144,,42.85710144,0,92.86000061,,,,,,,47,2111581,2111581
ALDW US Equity,ALON USA PARTNER,,1068626240,2070769984,14.89999843,,,,4.668150902,US,10102030,Oil & Gas Refining & Marketing,Energy,,,33.78520203,,,0.349999994,,-0.291710845,71912000,335624992,2500000,98.4136355,,,,,,,,,,,,,,,
ALE US Equity,ALLETE INC,18.49060059,3795309056,1422900000,23.36535998,6.20690012,17.1875,51.78570175,3.48576808,US,55101010,Electric Utilities,Utilities,,,42.48183823,30,1,0.535000026,262500000,0.067289804,175100000,1444600064,64100000,19.35946073,11,63.59999847,,90,1,90.91000366,,,,,,,27.35000038,1891878,1891878
AM US Equity,ANTERO MIDSTREAM,6.611599922,5419683840,729017984,19.22785384,,,28.57139969,-0.509756029,US,10102040,Oil & Gas Storage & Transportation,Energy,,,41.0329628,0,1,0.340000004,341335000,0.763363022,316510000,1067721984,0,-2.317054322,7,57.875,,75,1,71.43000031,,,,,,,,2635000,5250500
AMGP US Equity,ANTERO MIDSTREAM,,3671508480,45948000,,,,,9.459551811,US,10102040,Oil & Gas Storage & Transportation,Energy,,,0,,,0,,4.118261654,694000,0,0,,,,,,,,,,,,,,,,
AMID US Equity,AMERICAN MIDSTRE,,703336192,622843992,,,,,3.377904892,US,10102040,Oil & Gas Storage & Transportation,Energy,,,57.32398605,,,0.412499994,-75519000,0.75471986,2069000,1057844992,1234000,-18.07642117,,,,,,,,,,,,,,,
AMRC US Equity,AMERESCO INC-A,11.98349953,391330112,680243984,23.51448735,,3.50880003,48.21429825,5.610245228,US,20103010,Construction & Engineering,Industrials,,,38.76750946,12.5,1,0,31511000,1.176475076,16949000,178142000,24155000,56.3636433,8,64.125,,62.5,1,62.5,,,,,,,,1773324,2413324
ANDV US Equity,ANDEAVOR,46.69419861,17836732416,30975000576,19.50090939,41.08530045,49.12279892,57.14289856,8.275165558,US,10102030,Oil & Gas Refining & Marketing,Energy,62.5,15.625,37.79290771,18.18180084,1,0.589999974,,-0.884192326,727000000,7632999936,28000000,33.98932808,12,67.09089661,,90.90910339,1,91.66999817,9890.589844,364.0870056,,4.072700024,60.53639984,25926.90039,33,4580048,4580048
ANDX US Equity,ANDEAVOR LOGISTI,,9982409728,1596000000,21.63117419,,,,-1.206959963,US,10102040,Oil & Gas Storage & Transportation,Energy,,,68.25598145,,,0.971000016,,-0.730711716,375000000,3764999936,0,-2.110689402,,,,,,,,,,,,,,536249,536249
APA US Equity,APACHE CORP,36.92950058,16083397632,5672000000,,28.92560005,28.125,64.28569794,-5.019075871,US,10102020,Oil & Gas Exploration & Production,Energy,78.35051727,40.20618439,50.31435394,18.18180084,0,0.25,,-1.516206502,666000000,7933000192,550000000,-32.13396853,12,60.09090042,75,90.90910339,0,91.66999817,6860,1000,,,,,,3675000,3675000
APC US Equity,ANADARKO PETROLE,23.6515007,29349531648,11433999872,,13.22309971,15.625,55.35710144,,US,10102020,Oil & Gas Exploration & Production,Energy,31.95876312,29.89690781,52.79877853,9.090900421,1,0.050000001,,-0.223212306,-1947000000,15424000000,149000000,-22.76246358,11,59.36360168,,90.90910339,1,90.91000366,,,,,,,,3848654,4248654
APU US Equity,AMERIGAS PARTNER,,4297681920,2453495040,28.06720556,,,,,US,55102010,Gas Utilities,Utilities,,,77.59677887,,,0.949999988,430621992,1.448320939,162059000,2563832064,148447008,4.835747409,,,,,,,,,,,,,,2904161,2904161
AR US Equity,ANTERO RESOURCES,19.42149925,5997017600,3200690944,197.4805645,1.550400019,24.56139946,55.35710144,,US,10102020,Oil & Gas Exploration & Production,Energy,21.64948463,19.58762932,34.97129059,0,1,0,,-2.912619845,-357571008,4510520832,0,-19.66173232,8,60.75,,75,1,75,,,,,,,0,3034999,6724063
ARCH US Equity,ARCH COAL INC-A,20.24790001,2043468672,2340066944,,6.201600075,14.03509998,58.92860031,,US,10102050,Coal & Consumable Fuels,Energy,,,32.32228088,0,0,0.349999994,,-0.064361251,1866718968,312604000,8566000,21.01935738,7,51.42860031,72,85.71430206,0,85.70999908,,,,,,,,3250000,3808986
AROC US Equity,ARCHROCK INC,16.94210052,745664448,779499984,,1.550400019,14.03509998,55.35710144,,US,10101020,Oil & Gas Equipment & Services,Energy,,,66.50826263,25,0,0.119999997,,-0.943399791,-67218000,1392946944,0,-17.08167322,8,59.875,75,87.5,0,87.5,,,,,,,,2120195,2194115
ATO US Equity,ATMOS ENERGY,15.47169971,9530198016,2759734976,23.79224331,3.448299885,10.9375,51.78570175,-3.66802597,US,55102010,Gas Utilities,Utilities,9.756097794,2.439024448,47.41094971,15.38459969,0,0.449999988,727731008,0.350511817,396421000,3067045120,447744992,18.40184382,13,66.69229889,,76.92310333,0,92.30999756,,,,,,,,2882953,2882953
AVA US Equity,AVISTA CORP,16.98110008,3316736512,1450190016,24.7707313,2.758599997,12.5,58.92860031,-32.49304199,US,55103010,Multi-Utilities,Utilities,,,53.56169128,40,1,0.357499987,288694000,-0.135763563,128429000,1543335936,383924000,32.86676356,10,58.09999847,72,90,1,90,,,,,,,45,2282759,2282759
AWK US Equity,AMERICAN WATER W,35.84909821,16319565824,3338000000,32.01828096,18.62070084,57.8125,55.35710144,6.238882065,US,55104010,Water Utilities,Utilities,68.25396729,65.87301636,57.51789856,62.5,0,0.414999992,1213000000,-0.141895742,528000000,6680999936,790000000,29.01909985,7,63.375,75,87.5,0,85.70999908,57.90200043,575.1119995,,,,,46,2685157,2685157
AWR US Equity,AMER STATES WATE,15.09430027,2124091008,443223000,34.44370827,,17.1875,51.78570175,7.359808922,US,55104010,Water Utilities,Utilities,,,41.12467575,44.44440079,0,0.254999995,127394000,0.2249932,67711000,320948992,46333000,29.76485015,9,69,,88.88890076,0,88.88999939,,,,,,,1.90199995,2145175,2406448
AZRE US Equity,AZURE POWER GLOB,,368987808,62394830.06,,,,,,IN,55105020,Renewable Electricity,Utilities,,,70.20960999,,,0,29444977.42,1.428570066,-17491572.57,480124001.9,61899450.95,-16.47058936,,,,,,,,,,,,,,,
BAS US Equity,BASIC ENERGY SVS,19.83469963,610880640,784302016,,9.302300453,12.28069973,51.78570175,,US,10101020,Oil & Gas Equipment & Services,Energy,,,47.45143127,0,0,0,,1.207411698,65534000,269329984,50849000,-33.60678833,7,51.83330154,,83.33329773,0,85.70999908,,,,,,,,1969504,1969504
BBG US Equity,BILL BARRETT COR,14.10789967,499108160,253557000,,,7.8125,51.78570175,,US,10102020,Oil & Gas Exploration & Production,Energy,,,56.51038742,0,0,0,,-0.19454771,-109681000,668744000,465000,-26.60943802,6,63.5,,83.33329773,0,83.33000183,,,,,,,0,1869364,1869364
BCEI US Equity,BONANZA CREEK EN,11.15699959,564313408,191785000,,,,48.21429825,-16.43715858,US,10102020,Oil & Gas Exploration & Production,Energy,,,0,0,0,0,,-6.947721728,-63926000,0,0,,6,59,,83.33329773,0,100,,,,,,,,1830000,1830000
BHGE US Equity,BAKER HUGHES A,,36236873728,,,,,,,US,10101020,Oil & Gas Equipment & Services,Energy,,,10.88717747,,,17.67000008,,0.764330491,,3039000064,1866000000,-27.24714959,9,,,,,77.77999878,,,,,,,,,
BIP US Equity,BROOKFIELD INFRA,10.33059978,17578926080,3228000000,158.45345,1.550400019,14.03509998,26.78569984,,CA,55101010,Electric Utilities,Utilities,,,41.65011597,11.1111002,0,0.435000002,1128000000,-0.155970796,194000000,9144999936,502000000,39.68715722,8,62,,,0,87.5,,,,,,,,,
BKH US Equity,BLACK HILLS CORP,15.84910011,3214956800,1707918976,17.78032574,1.379299998,17.1875,51.78570175,1.262290001,US,55103010,Multi-Utilities,Utilities,,,65.03666687,20,1,0.444999993,398849008,0.333835359,144581000,3109863936,230912992,0.774824156,10,60.40000153,,90,1,90,,,,,,,27,2377500,2377500
BPL US Equity,BUCKEYE PARTNERS,16.59749985,7266213888,3626148032,14.67675836,,17.1875,51.78570175,-5.920125008,US,10102040,Oil & Gas Storage & Transportation,Energy,,,49.308815,20,1,1.262500048,,1.55769278,460150000,4593634816,185410000,-18.69870331,10,64.5,,90,1,90,,,,,,,19.48999977,2729114,4302858
BPMP US Equity,BP MIDSTREAM PAR,,2154729472,,,,,,,US,10102040,Oil & Gas Storage & Transportation,Energy,,,,,,0,,3.159474142,,0,0,,,,,,,,,,,,,,,,
BPT US Equity,BP PRUD BAY-RTU,,430140000,78261000,5.575518461,,,,1.63746798,US,10102020,Oil & Gas Exploration & Production,Energy,,,0,,,0.832899988,77141000,-1.951217651,77149000,0,0,-1.322062139,,,,,,,,,,,,,,,
BRS US Equity,BRISTOW GROUP IN,19.42149925,476372192,1399421984,,2.325599909,19.29820061,58.92860031,,US,10101020,Oil & Gas Equipment & Services,Energy,,,51.55351257,9.090900421,0,0.07,,-1.390919345,-186451000,1198587008,113519000,-33.27062911,12,61.27270126,75,90.90910339,0,91.66999817,,,,,,,0,2412143,2412143
BSM US Equity,BLACK STONE MINE,,3566570752,397619000,26.64583387,,,,-31.57315445,US,10102020,Oil & Gas Exploration & Production,Energy,,,30.66785622,,,0.3125,,-0.2224639,130529000,362000000,0,2.485470089,,,,,,,,,,,,,,,
BTU US Equity,PEABODY ENERGY,30.99169922,4114164992,5502500096,4.121452785,25.58139992,33.33330154,41.07139969,-17.44596291,US,10102050,Coal & Consumable Fuels,Energy,50,63.82978821,32.85541534,18.18180084,0,0,,-0.429949367,-93700000,1612000000,47100000,,9,66.72730255,75,90.90910339,0,88.88999939,,,,3.388900042,55.21870041,1094,39,3613406,3613406
BWP US Equity,BOARDWALK PIPELI,11.98349953,3231331328,1337700000,9.867752241,,19.29820061,32.14289856,4.049351215,US,10102040,Oil & Gas Storage & Transportation,Energy,,,43.44249344,0,0,0.100000001,,-1.974185477,301000000,3585700096,0,-23.80954632,8,69,,50,0,87.5,,,,,,,8.590000153,1953642,6854642
CAPL US Equity,CROSSAMERICA PAR,,807143040,2043639040,131.7534033,,,,-0.711991012,US,10102040,Oil & Gas Storage & Transportation,Energy,,,72.99946594,,,0.622500002,,0.210967238,4358000,454772992,2884000,3.770002983,,,,,,,,,,,,,,,
CCR US Equity,CONSOL COAL RESO,,427482048,327205000,11.69966584,,,,-142.9378357,US,10102050,Coal & Consumable Fuels,Energy,,,46.18857193,,,0.512499988,,2.287577931,40881000,185606000,0,-2.430420003,,,,,,,,,,,,,,,
CEIX US Equity,CONSOL ENERGY IN,,1104996224,,,,,,,US,10102050,Coal & Consumable Fuels,Energy,,,27.5165863,,,,,1.048593001,,299028992,3520000,,,,,,,,,,,,,,,,
CEQP US Equity,CRESTWOOD EQUITY,,1813509632,3429000000,,,,,,US,10102040,Oil & Gas Storage & Transportation,Energy,,,40.47851563,,,0.600000024,,0.38909911,-136300000,1615399936,2000000,10.89532284,,,,,,,,,,,,,,2337775,2552775
CHK US Equity,CHESAPEAKE ENERG,36.92950058,3598395904,8966000128,79.626801,19.83469963,53.125,55.35710144,,US,10102020,Oil & Gas Exploration & Production,Energy,42.8571434,50,107.6563339,14.28569984,0,0,,-1.98019615,273000000,9898999808,0,-43.58974289,8,62.28570175,,85.71430206,0,87.5,,,,,,,,3825000,3825000
CHKR US Equity,CHESAPEAKE GRANI,,86487504,15635000,5.999831388,,,,-14.30722904,US,10102020,Oil & Gas Exploration & Production,Energy,,,0,,,0.100299999,,2.777781825,13244000,0,0,-9.679674703,,,,,,,,,,,,,,,
CJ US Equity,C&J ENERGY SERVI,,2293376512,,,,,,,US,10101020,Oil & Gas Equipment & Services,Energy,,,0,,,0,,-0.947024818,,0,0,,12,,,,,91.66999817,,,,,,,,,
CKH US Equity,SEACOR HOLDINGS,16.11569977,825458432,677445016,,1.550400019,14.03509998,51.78570175,-12.1948967,US,10101020,Oil & Gas Equipment & Services,Energy,,,47.86719894,0,1,0,,-1.28150038,-104913000,518112000,119840000,3.830244953,5,66.5714035,,71.4285965,1,80,,,,,,,,2295000,2910000
CLB US Equity,CORE LABS NV,31.40500069,4836343808,637499024,60.59838553,17.05430031,38.5965004,57.14289856,-7.583024979,NL,10101020,Oil & Gas Equipment & Services,Energy,80,60,60.40484238,37.5,1,0.550000012,102497000,0.921234428,76893000,233864000,0,-6.82452469,8,65,,75,1,75,,,,,,,0,1968194,1968194
CLD US Equity,CLOUD PEAK ENERG,12.80990028,334381280,901740992,165.4028957,,,55.35710144,0.003336,US,10102050,Coal & Consumable Fuels,Energy,,,29.41322327,14.28569984,0,0,62334000,0,32000,410374016,2555000,-20.67736714,6,63.28570175,72,85.71430206,0,83.33000183,,,,,,,,2331570,2331570
CLR US Equity,CONTL RES INC/OK,20.74690056,19874816000,2607939072,3793.324474,8.264499664,17.1875,51.78570175,-0.580897987,US,10102020,Oil & Gas Exploration & Production,Energy,45.36082458,32.98968887,60.73225403,0,1,0,,0.094488007,-24797000,6612280832,2268000,2.774544586,7,68.83329773,,83.33329773,1,85.70999908,,,,,,,0,2887121,7435022
CMS US Equity,CMS ENERGY CORP,30.94339943,13342553088,6444999936,24.32340509,17.93099976,35.9375,58.92860031,5.569335938,US,55103010,Multi-Utilities,Utilities,96.82539368,79.36508179,69.3216095,33.33330154,0,0.332500011,1249000000,-0.189913808,540000000,9121000448,1210000000,17.01680734,11,61.66669846,75,83.33329773,0,90.91000366,,,,,,,41,3612667,3612667
CNP US Equity,CENTERPOINT ENER,23.01889992,12224110592,9057000064,21.88072444,7.586200237,29.6875,55.35710144,5.35187912,US,55103010,Multi-Utilities,Utilities,34.92063522,2.380952358,70.58297729,20,0,0.267500013,1019000000,0,597000000,7530999808,1150000000,19.58981988,9,62,,80,0,88.88999939,,,,,,,35,3377424,3377424
CNX US Equity,CNX RESOURCES CO,39.66939926,3366421248,2420425984,,37.20930099,28.07019997,57.14289856,,US,10102020,Oil & Gas Exploration & Production,Energy,53.60824585,20.61855698,38.45001221,9.090900421,0,0,,-2.271210064,-201944008,2532312064,10971000,-3.783532396,6,64.45449829,,90.90910339,0,83.33000183,1235.829956,599.0200195,,,,,0,2645296,2645296
CNXM US Equity,CNX MIDSTREAM PA,,1066397632,229977000,9.663322646,,,,8.825450897,US,10102040,Oil & Gas Storage & Transportation,Energy,,,17.62403297,,,0.30250001,132656000,-1.120274982,112820000,157000000,0,-24.71358219,,,,,,,,,,,,,,,
COG US Equity,CABOT OIL & GAS,20.33200073,13227740160,1670218016,76.0276371,4.132199764,17.1875,58.92860031,1.691400051,US,10102020,Oil & Gas Exploration & Production,Energy,19.58762932,43.29896927,36.52179718,16.66670036,1,0.050000001,,0.210229376,-147926000,1284551040,237000000,23.26152042,8,66.16670227,73,83.33329773,1,87.5,,,,,,,0,1730040,1730040
COP US Equity,CONOCOPHILLIPS,58.09130096,65621864448,27796000256,,60.33060074,48.4375,64.28569794,-2.116179943,US,10102020,Oil & Gas Exploration & Production,Energy,84.53607941,63.91752625,40.6141243,18.18180084,1,0.270000011,,-0.525554393,-2469000000,19672999936,1331000064,11.9427663,13,62.09090042,72,90.90910339,1,92.30999756,25300,1500,1888.650146,20.89999962,428.3999939,,,6199028,6199028
CPE US Equity,CALLON PETROLEUM,20.33200073,2452309504,315448000,35.5885432,6.611599922,15.625,55.35710144,6.353506088,US,10102020,Oil & Gas Exploration & Production,Energy,,,24.51070404,0,1,0,,-1.699029482,95854000,595115008,0,-20.9499043,7,67,,87.5,1,100,,,,,,,0,1707986,4386736
CPK US Equity,CHESAPEAKE UTIL,12.07549953,1283855872,579054000,29.36098591,,7.8125,48.21429825,2.165836096,US,55102010,Gas Utilities,Utilities,,,47.31126404,10,0,0.324999988,92364000,-0.317258871,43886000,201248000,215234000,19.34689788,10,63.90000153,,90,0,90,,,,,,,12.94999981,1819058,1819058
CPN US Equity,CALPINE CORP,19.42149925,5455400960,8532999808,,6.201600075,14.03509998,55.35710144,-0.713400006,US,55105010,Independent Power Producers & Energy Traders,Utilities,15.57377052,21.31147575,77.80671692,11.1111002,0,0,898000000,0,-23000000,11281000448,369000000,32.3709511,9,58.77780151,,77.77780151,0,88.88999939,,,,,,,7.75,3721716,3721716
CRC US Equity,CALIFORNIA RESOU,17.84230042,833355328,2041000000,,9.090900421,12.5,42.85710144,,US,10102020,Oil & Gas Exploration & Production,Energy,,,112.5739288,10,0,0,,2.802753522,-205000000,5039000064,100000000,-8.689527017,9,62.90000153,,80,0,88.88999939,,,,,,,5.170000076,2529692,2529692
CRK US Equity,COMSTOCK RES INC,,130517168,230581000,,,,,,US,10102020,Oil & Gas Exploration & Production,Energy,,,143.1439362,12.5,1,0,,6.015037819,-124042000,1089719040,0,-14.11167807,9,65.25,,75,1,77.77999878,,,,,,,,2168511.25,2168511.25
CRR US Equity,CARBO CERAMICS,11.15699959,276256736,157473000,,,,48.21429825,,US,10101020,Oil & Gas Equipment & Services,Energy,,,17.14766121,0,0,0,,-1.260912795,-250927992,86523000,874000,-2.676861682,8,69.125,,87.5,0,87.5,,,,,,,,1891858,1891858
CRT US Equity,CROSS TIMBERS TR,,88121400,,,,,,,US,10102020,Oil & Gas Exploration & Production,Energy,,,,,,,,0.940893102,,,,-12.7254299,,,,,,,,,,,,,,,
CVEO US Equity,CIVEO CORP,,361067072,371849000,,,,,,US,20201070,Diversified Support Services,Industrials,,,38.13936615,,,0,,3.409087522,-74083000,307521984,16671000,24.09090727,,,,,,,,,,,,,,,
CVI US Equity,CVR ENERGY INC,11.98349953,3233588224,5749899904,40.12507543,,,51.78570175,-4.728071213,US,10102030,Oil & Gas Refining & Marketing,Energy,,,41.82268143,0,0,0.5,,-1.481475053,41000000,1164099968,2000000,60.01317511,8,58.25,,37.5,0,87.5,,,,,,,,2410000,2410000
CVRR US Equity,CVR REFINING LP,,2442779904,5416900096,15.42384259,,,,-7.728302002,US,10102030,Oil & Gas Refining & Marketing,Energy,,,27.66185951,,,0.939999998,,2.795023882,107100000,538899968,2000000,70.82106153,,,,,,,,,,,,,,,
CVX US Equity,CHEVRON CORP,51.45230103,2.37783E+11,1.21423E+11,41.49321242,47.93389893,42.1875,69.64289856,-0.184356004,US,10102010,Integrated Oil & Gas,Energy,68.04123688,39.17525864,22.10413742,36.36360168,1,1.080000043,1276000064,-0.310558516,6498999872,34075000832,7896999936,10.62199127,12,62.18180084,72,90.90910339,1,83.33000183,60000,4000,,600,,,,5950018,5950018
CWT US Equity,CALIF WATER SRVC,22.64150047,2177486592,655829008,31.89219449,11.03450012,20.3125,55.35710144,7.626142979,US,55104010,Water Utilities,Utilities,,,52.19292068,20,0,0.180000007,129347000,0.110373594,68602000,519700000,231115008,36.3873583,10,65.40000153,75,90,0,90,,,,,,,63.71450043,2160027,2160027
CXO US Equity,CONCHO RESOURCES,17.42740059,22337118208,2499784000,77.29027928,1.652899981,17.1875,51.78570175,,US,10102020,Oil & Gas Exploration & Production,Energy,22.68041229,30.92783546,24.53440666,0,1,0,2279614016,-0.733496727,563865000,2737999872,68000000,13.28808017,10,63.125,,75,1,80,,,,,,,0,3565000,9142180
CZZ US Equity,COSAN LTD - A,7.851200104,2567501568,3940368726,40.34226875,,,33.92860031,2.928210974,BR,10102030,Oil & Gas Refining & Marketing,Energy,,,58.01986694,0,0,0,,-0.512822469,59734267.4,5961924471,1096702522,30.31744097,12,56.27270126,,36.36360168,0,66.66999817,,,,,,,,,
D US Equity,DOMINION ENERGY,23.77359962,52164521984,12457999872,22.12077135,12.41380024,20.3125,57.14289856,3.514801025,US,55103010,Multi-Utilities,Utilities,45.23809433,22.22222137,66.50373077,18.18180084,1,0.769999981,3710000000,-0.012337654,2144000000,30886000640,5848000000,9.913578041,12,63.81819916,,90.90910339,1,91.66999817,,,,,,,32.09000015,4240801,4240801
DCP US Equity,DCP MIDSTREAM LP,,5206446080,6521999872,48.59089305,,,,,US,10102040,Oil & Gas Storage & Transportation,Energy,,,42.5248909,,,0.779999971,220000000,-0.764815009,244000000,4711000064,500000000,3.181995568,,,,,,,,,,,,,,,
DK US Equity,DELEK US HOLDING,,2845947136,,,,,,,US,10102030,Oil & Gas Refining & Marketing,Energy,,,44.46036148,,,0.150000006,,0,,1076800000,351000000,48.69034295,6,,,,,83.33000183,,,,,,,,,
DKL US Equity,DELEK LOGISTICS,,772258176,511548000,15.8990169,,,,,US,10102040,Oil & Gas Storage & Transportation,Energy,,,106.8585587,,,0.714999974,84705000,0.634923057,65807000,401318016,0,20.99724574,,,,,,,,,,,,,,,
DM US Equity,DOMINION ENERGY,7.851200104,3028369152,536400000,19.64286798,,,33.92860031,2.586910963,US,10102040,Oil & Gas Storage & Transportation,Energy,,,9.762292862,0,1,0.30250001,,0.329490544,179300000,480200000,250000000,6.927565792,5,65.40000153,,60,1,60,,,,,,,,8530,8530
DNOW US Equity,NOW INC,11.98349953,1189068160,2517000000,,,,51.78570175,,US,20107010,Trading Companies & Distributors,Industrials,,,12.07407379,11.1111002,0,0,,0.455375162,-120000000,163000000,0,-46.11626721,10,61.22219849,72,77.77780151,0,90,,,,,,,,1646001,1646001
DNR US Equity,DENBURY RESOURCE,15.35270023,888796480,990244992,32.24065013,,12.5,51.78570175,-51.19538498,US,10102020,Oil & Gas Exploration & Production,Energy,49.4736824,43.15789413,85.86167145,12.5,0,0,,2.314812515,-349355016,3057438976,85002000,-39.94565223,8,63.5,,87.5,0,87.5,,,,,,,,2175455,2468048
DO US Equity,DIAMOND OFFSHORE,16.52890015,2551064576,1531411968,10.71393201,2.325599909,14.03509998,51.78570175,4.471602917,US,10101010,Oil & Gas Drilling,Energy,22.5,25,34.13508224,0,0,0,234409000,0.704231173,166369000,1971852032,0,5.028244923,11,68.63639832,,63.63639832,0,90.91000366,,,,,,,,3114478,3114478
DQ US Equity,DAQO NEW ENE-ADR,7.438000202,625204864,229101216,12.43008771,,,32.14289856,17.04119682,CN,45301010,Semiconductor Equipment,Information Technology,,,47.27709579,0,0,0,65449672,-2.027360441,43493756,111948912,131712808,207.9792797,9,58,,55.55559921,0,88.88999939,,,,,,,,,
DRQ US Equity,DRIL-QUIP INC,16.52890015,1805948160,453587000,331.7430035,,19.29820061,51.78570175,,US,10101020,Oil & Gas Equipment & Services,Energy,,,0,0,0,0,,-0.209201832,-27849000,0,0,-20.56619256,5,58.79999924,,80,0,80,,,,,,,0,2055000,2055000
DTE US Equity,DTE ENERGY CO,37.7358017,19636060160,12209999872,21.12534878,28.96549988,34.375,64.28569794,4.789367199,US,55103010,Multi-Utilities,Utilities,73.01587677,50.79365158,56.04478836,16.66670036,1,0.824999988,1644000000,-0.136850219,978000000,11795000320,768000000,14.5880394,13,66.33329773,75,91.66670227,1,92.30999756,,,,,,,48,3852594,3852594
DUK US Equity,DUKE ENERGY CORP,56.22639847,58877001728,22581999616,21.03785624,49.65520096,59.375,69.64289856,1.795258045,US,55101010,Electric Utilities,Utilities,64.2857132,15.07936478,56.14554214,21.42860031,1,0.889999986,5958999936,0.142877425,2129000000,48929001472,4384000000,12.95687892,13,64.28569794,71,92.85710144,1,92.30999756,98321.79688,,,0.51819998,92.96089935,,19.10000038,3836458,3836458
DVN US Equity,DEVON ENERGY CO,29.87549973,21755699200,12769000192,26.60075291,23.96689987,15.625,58.92860031,18.93665504,US,10102020,Oil & Gas Exploration & Production,Energy,67.01030731,45.36082458,46.57295227,22.22220039,0,0.059999999,2300000000,-0.862061327,1549000000,10382999552,20000000,-8.749426045,9,64.22219849,73,77.77780151,0,88.88999939,5381.100098,571.6099854,,,,,,4108173,4108173
DYN US Equity,DYNEGY INC,19.42149925,1556769536,4955000064,,3.875999928,19.29820061,55.35710144,,US,55105010,Independent Power Producers & Energy Traders,Utilities,,,81.51151276,14.28569984,0,0,-120000000,2.597404206,-11000000,8647999488,99000000,40.07092586,7,59.14289856,,85.71430206,0,85.70999908,71000,,,,,,48.95999908,3337542,3337542
ECR US Equity,ECLIPSE RESOURCE,11.20330048,630576832,366312000,,,,48.21429825,,US,10102020,Oil & Gas Exploration & Production,Energy,,,45.88347244,0,1,0,,-1.63934266,-41660000,494332000,0,-10.11235855,10,55,,77.77780151,1,70,,,,,,,,1195600,1852887
ECT US Equity,ECA MARCELLUS TR,,37850752,6936303,6.459579752,,,,-0.040460002,US,10102020,Oil & Gas Exploration & Production,Energy,,,0,,,0.072999999,,2.380961572,5852386,0,0,14.95293149,,,,,,,,,,,,,,,
ED US Equity,CONS EDISON INC,45.28300095,26340343808,11779000064,21.26663448,43.44829941,37.5,58.92860031,4.44299078,US,55103010,Multi-Utilities,Utilities,11.11111069,41.26984024,50.94792938,20,1,0.689999998,2545000000,-0.164530962,1227000000,14650999808,1043000000,19.27352043,12,65.90000153,75,80,1,91.66999817,3093,1320,,12.06999969,81.63500214,,,3754426,3754426
EE US Equity,EL PASO ELECTRIC,18.11319923,2246755840,908685024,23.06249924,4.137899876,17.1875,55.35710144,6.775555134,US,55101010,Electric Utilities,Utilities,,,54.55623627,18.18180084,0,0.335000008,241579000,0.090414535,97417000,1195868032,167900992,21.97328514,11,63.36360168,72,81.81819916,0,90.91000366,,,,,,,38,1910770,1910770
EEP US Equity,ENBRIDGE ENERGY,6.198299885,5826606080,3642400000,19.06036965,,,26.78569984,-8.414361,US,10102040,Oil & Gas Storage & Transportation,Energy,,,50.08346176,0,0,0.349999994,,0,392600000,6291100160,399800000,-40.31610445,10,59.625,,,0,70,,,,,,,,1762154,1762154
EEQ US Equity,ENBRIDGE ENERGY,,1201681792,,,,,,,US,10102040,Oil & Gas Storage & Transportation,Energy,,,0,,,0,0,1.209378735,-6400000,0,0,-43.28545087,,,,,,,,,,,,,,,
EGN US Equity,ENERGEN CORP,18.11319923,5595915776,791660992,,6.20690012,12.5,55.35710144,,US,10102020,Oil & Gas Exploration & Production,Energy,25.51020432,20.40816307,19.44024849,11.1111002,1,0,,-0.052081215,-10072000,765758976,0,-0.173397741,9,63.66669846,72,88.88890076,1,88.88999939,,,,,,,,2622000,2622000
EGY US Equity,VAALCO ENERGY,13.27799988,41002048,75195000,10.72197564,,7.8125,48.21429825,,US,10102020,Oil & Gas Exploration & Production,Energy,,,62.0438385,0,0,0,,-0.128944143,2579000,3483000,7500000,-32.97115296,5,57,,85.71430206,0,80,,,,,,,0,1816595,2052646
EIX US Equity,EDISON INTL,42.2641983,20604301312,11984000000,14.27059923,27.58620071,51.5625,69.64289856,7.490730762,US,55101010,Electric Utilities,Utilities,16.66666603,26.98412704,47.30830383,27.27269936,0,0.542500019,2150000000,-1.094771603,1580000000,11637999616,1491000064,-9.471604926,11,59.90909958,72,81.81819916,0,90.91000366,2400,1600,,16.82699966,,,33,4222032,4222032
ENBL US Equity,ENABLE MIDSTREAM,,6151096320,2611000000,16.67823941,,,,-1.606011033,US,10102040,Oil & Gas Storage & Transportation,Energy,,,28.85291481,,,0.317999989,,-0.210524442,396000000,2668999936,450000000,-1.897035499,,,,,,,,,,,,,,,
ENLC US Equity,ENLINK MIDSTREAM,10.52630043,3178382592,5204499968,,,,39.28570175,-2.353286028,US,10102040,Oil & Gas Storage & Transportation,Energy,,,39.44055939,11.1111002,1,0.254999995,414400000,1.440922159,6300000,3540499968,0,-2.002844502,9,61,,44.44440079,1,88.88999939,,,,,,,,2221443,4042443
ENLK US Equity,ENLINK MIDSTREAM,,5364263424,5208599936,,,,,,US,10102030,Oil & Gas Refining & Marketing,Energy,,,41.58130646,,,0.389999986,365500000,-1.600512176,44600000,3466800128,0,-8.563048872,,,,,,,,,,,,,,,
ENS US Equity,ENERSYS,11.15699959,2933161472,2430411072,15.13122923,,,48.21429825,12.09361076,US,20104010,Electrical Components & Equipment,Industrials,,,39.41192245,0,1,0.174999997,,-1.06564369,161458000,728606976,12978000,-9.974358127,10,63.66669846,,88.88890076,1,90,,,,,,,,2395645,2395645
EOG US Equity,EOG RESOURCES,27.80080032,62395637760,10195958784,233.2654617,15.70250034,23.4375,58.92860031,0.003219,US,10102020,Oil & Gas Exploration & Production,Energy,39.17525864,44.32989502,31.44872284,14.28569984,1,0.167500004,,-0.497919134,9759000,6380426752,6579000,7.468762858,8,71.14289856,80,85.71430206,1,87.5,,,,,,,,3185000,3185000
EPD US Equity,ENTERPRISE PRODU,11.57019997,57290399744,27293700096,20.7038207,1.550400019,14.03509998,32.14289856,-6.020813942,US,10102040,Oil & Gas Storage & Transportation,Energy,,,52.29644012,18.18180084,0,0.422500014,4112499968,0.113295646,2684099968,21710899200,3008999936,4.238273782,10,61.27270126,,45.45449829,0,70,,,,,,,,2791150,7390150
EPE US Equity,EP ENERGY CORP-A,10.74380016,603276800,1208000000,,,,46.42860031,,US,10102020,Oil & Gas Exploration & Production,Energy,,,88.95388031,0,1,0,,1.287552462,-262000000,3932999936,21000000,-63.9694683,12,49.23080063,72,23.07690048,1,91.66999817,,,,,,,,2543000,2543000
EQGP US Equity,EQT GP HOLDINGS,,7159838720,804598992,22.18688412,,,,,US,10102040,Oil & Gas Storage & Transportation,Energy,,,34.12719345,,,0.228,,0.485615086,249244000,1091947008,0,9.872857413,,,,,,,,,,,,,,,
EQM US Equity,EQT MIDSTREAM PA,,5996011008,804598992,13.34608652,,,,4.83253479,US,10102040,Oil & Gas Storage & Transportation,Energy,,,34.12219238,,,0.980000019,,-0.327240081,560973008,1091947008,0,0.019625276,,,,,,,,,,,,,,,
EQT US Equity,EQT CORP,58.9211998,14669155328,2694133952,58.0002528,52.89260101,64.0625,66.0714035,0.467473,US,10102020,Oil & Gas Exploration & Production,Energy,71.13401794,37.11340332,26.5028553,30,1,0.029999999,,-0.593783029,36500000,2691041024,707470016,-12.79847539,16,63.5,74,90,1,87.5,1500.73999,,286757.125,,2009.97998,59.72900009,0,2973586,3473586
ERA US Equity,ERA GROUP,13.22309971,229283024,230079000,,,8.771900177,48.21429825,,US,10101020,Oil & Gas Equipment & Services,Energy,,,35.95303345,28.57139969,0,0,-129526000,0.279848248,-95393000,215024992,2191000,-36.65291435,7,62.85710144,,85.71430206,0,85.70999908,,,,,,,30,1471500,2290424
ES US Equity,EVERSOURCE ENERG,53.5848999,20020844544,7633062016,20.51298683,51.72409821,48.4375,64.28569794,3.757519007,US,55101010,Electric Utilities,Utilities,71.42857361,75.3968277,50.64281464,15.38459969,0,0.479999989,1905341024,0.365368609,979756000,10468193280,975934976,17.96843037,12,68.53849792,75,84.61540222,0,91.66999817,852.585022,684.8920288,,2.155499935,42.85540009,,50,3592083,
ESTE US Equity,EARTHSTONE ENE-A,17.84230042,675638400,87307000,11.1513589,4.95870018,12.5,51.78570175,-18.81516266,US,10102020,Oil & Gas Exploration & Production,Energy,,,9.712997437,0,1,0,,-0.654202767,-47886000,71400000,1704000,-22.63464126,9,55.625,,50,1,77.77999878,,,,,,,,1057741,1110786
ESV US Equity,ENSCO PLC-CL A,18.18180084,2576873216,1893400000,,1.550400019,19.29820061,55.35710144,,GB,10101010,Oil & Gas Drilling,Energy,68.29268646,26.8292675,36.76113129,22.22220039,0,0.01,202100000,0.853237419,-57600000,4747700224,0,-38.79676485,11,63.22219849,,88.88890076,0,90.91000366,,,,,,,,2790167,2790167
ETE US Equity,ENERGY TRANSFER,14.04959965,18626734080,40458999808,7.93713553,6.201600075,14.03509998,32.14289856,,US,10102040,Oil & Gas Storage & Transportation,Energy,,,62.92327118,0,0,0.294999987,,0.407211708,936000000,44494999552,716000000,-4.768293685,7,62.85710144,,42.85710144,0,71.43000031,,,,,,,5.670000076,3192628,7651398
ETP US Equity,ENERGY TRANSFER,16.94210052,20706443264,19685000192,19.27866448,1.550400019,22.80699921,46.42860031,-0.176532,US,10102040,Oil & Gas Storage & Transportation,Energy,,,52.6541748,0,0,0.564999998,,-0.55494106,1639000000,33629999104,710000000,-17.39934078,6,62,,57.14289856,0,66.66999817,,,,,,,47.36999893,3189743,6747589
ETR US Equity,ENTERGY CORP,44.52830124,14670661632,11099163904,12.0502602,31.72410011,54.6875,66.0714035,-5.691327095,US,55101010,Electric Utilities,Utilities,42.8571434,57.1428566,64.59295654,36.36360168,1,0.870000005,-804417024,0.283385556,-864475944,14000305152,2223938048,15.89770187,11,64.54550171,74,90.90910339,1,90.91000366,35200,3990,,0.0414,,,35.18000031,5389094,5570594
EVA US Equity,ENVIVA PARTNERS,,727678976,507050000,41.10063526,,,,-2.4489429,US,10102050,Coal & Consumable Fuels,Energy,,,56.0661087,,,0.61500001,46759974,0.362977801,4865000,338115008,15633000,11.79808859,,,,,,,,,,,,,,,
EXC US Equity,EXELON CORP,64.52829742,37837062144,33024000512,16.20921498,59.31029892,64.0625,78.5714035,4.800051212,US,55101010,Electric Utilities,Utilities,43.65079498,80.15872955,54.25989151,23.07690048,0,0.330000013,5354999936,0.279899777,2103000000,32089999360,3873999872,15.04762556,13,63.07690048,75,92.30770111,0,92.30999756,9723,7061,407955.8125,,,24354600,35,4529522,4529522
EXTN US Equity,EXTERRAN CORP,,1125180672,1169698000,,,,,0.078295,US,10101020,Oil & Gas Equipment & Services,Energy,,,40.14232635,12.5,0,0,,-0.253806861,444000,367896000,0,31.54812149,8,60.375,75,75,0,75,,,,,,,,2160000,2760000
FE US Equity,FIRSTENERGY CORP,24.90570068,13621552128,13949999872,9.865879688,15.17240047,20.3125,55.35710144,-10.806674,US,55101010,Electric Utilities,Utilities,23.80952454,24.60317421,77.96429443,15.38459969,0,0.720000029,-6613999744,0.558292519,-5020999744,21088999424,1576000000,3.567908443,13,63.46149826,,92.30770111,0,92.30999756,,,,,,,48.93000031,3688803,3688803
FELP US Equity,FORESIGHT ENERGY,,623158400,922848992,,,,,,US,10102050,Coal & Consumable Fuels,Energy,,,64.15697479,,,0.0647,,15.30342822,-226054000,1274343040,60867000,-30.48868943,,,,,,,,,,,,,,,
FET US Equity,FORUM ENERGY TEC,14.04959965,1680902528,718123008,,,8.771900177,51.78570175,,US,10101020,Oil & Gas Equipment & Services,Energy,,,25.30407143,10,1,0,-113501000,2.64026787,-120978000,398144992,1133000,-29.31818095,11,58.79999924,,90,1,81.81999969,,,,,,,0,1961580,1961580
FGP US Equity,FERRELLGAS-LP,,415813408,2005389984,,,,,,US,55102010,Gas Utilities,Utilities,,,157.9001312,,,0.100000001,,3.883503124,-59049000,1812155008,351200000,-31.76371625,,,,,,,,,,,,,,,
FI US Equity,FRANK'S INTERNAT,18.18180084,1483663232,444458000,,3.875999928,14.03509998,55.35710144,59.26687241,NL,10101020,Oil & Gas Equipment & Services,Energy,,,0.00711,0,0,0.075000003,,-2.919705285,-116503000,0,87000,-44.45580468,8,64.33329773,,55.55559921,0,87.5,,,,,,,,2684337,2684337
FRAC US Equity,KEANE GROUP INC,,2125910656,1191624000,,,,,-35.67014694,US,10101020,Oil & Gas Equipment & Services,Energy,,,37.8537178,,,0,,1.224704653,-118620000,279235008,3971000,,12,,,,,91.66999817,,,,,,,,2363560,3863560
FTI US Equity,TECHNIPFMC PLC,14.04959965,14603892736,13421600000,,,8.771900177,51.78570175,4.179745197,GB,10101020,Oil & Gas Equipment & Services,Energy,94.2857132,97.14286041,20.96455574,23.07690048,1,0,,-0.286624693,342900000,3167399936,473200000,-11.44498661,14,65.30770111,,92.30770111,1,85.70999908,,,,,,,,,
FTK US Equity,FLOTEK INDS,13.22309971,264808320,315193000,,,8.771900177,48.21429825,,US,15101050,Specialty Chemicals,Materials,,,12.92318153,14.28569984,1,0,,-3.519670372,-32825000,0,40589000,-50.37274039,8,65.28569794,,85.71430206,1,87.5,,,,,,,0,1555600,2702791
GEL US Equity,GENESIS ENERGY,,2739645440,1736380992,27.43691382,,,,-281.506012,US,10102040,Oil & Gas Storage & Transportation,Energy,,,57.4747467,,,0.5,226038000,1.452563254,89253000,3730548992,0,-32.34903603,,,,,,,,,,,,,,2012500,5013750
GLP US Equity,GLOBAL PARTNERS,,567725888,8832490112,20.57144447,,,,0.309698999,US,10102040,Oil & Gas Storage & Transportation,Energy,,,71.65367889,,,0.462500006,69646000,-0.298502908,-25329000,951108992,39200000,-5.377061539,,,,,,,,,,,,,,,
GNE US Equity,GENIE ENERGY-B,16.11569977,108321648,243969000,,1.550400019,14.03509998,51.78570175,47.20262146,US,55101010,Electric Utilities,Utilities,,,3.499825954,0,1,0.075000003,-9824000,-7.822407697,-9533000,2512000,0,-20.39660908,5,67,,60,1,100,,,,,,,,1388650,2463650
GPRK US Equity,GEOPARK LTD,21.99169922,595259328,284144000,,7.438000202,35.9375,37.5,,CL,10102020,Oil & Gas Exploration & Production,Energy,,,76.2611084,0,0,0,53801000,-1.393038216,-40177000,418494016,1903000,129.9303939,9,61.71429825,,42.85710144,0,66.66999817,,,,,,,10.14400005,750000,1400000
GXP US Equity,GREAT PLAINS ENE,17.35849953,6952931328,2686800064,34.15956435,1.379299998,17.1875,58.92860031,-18.3278389,US,55101010,Electric Utilities,Utilities,,,49.07960892,20,1,0.275000006,540100000,-0.031002547,91900000,3312000000,794000000,22.19300239,9,63.29999924,75,90,1,88.88999939,,,,,,,61.08000183,2434000,2434000
HAL US Equity,HALLIBURTON CO,46.28099823,42641072128,18700999936,65.70747483,41.86050034,38.5965004,64.28569794,1.278735995,US,10101020,Oil & Gas Equipment & Services,Energy,48.57143021,31.4285717,54.19144058,15.38459969,1,0.180000007,,0.617663659,212000000,10423000064,515000000,-8.184277947,13,64.23079681,72,84.61540222,1,84.62000275,1770.699951,205.272995,,103.9899979,373.8699951,,15,5406117,5406117
HE US Equity,HAWAIIAN ELEC,20,3932613120,2514423040,22.17791471,8.965499878,17.1875,51.78570175,3.734092951,US,55101010,Electric Utilities,Utilities,,,45.66807938,25,0,0.310000002,367570000,-0.440649522,179451000,1618445952,178050000,13.40490888,9,67.375,,87.5,0,88.88999939,,,,,,,,2750636,3007306
HEP US Equity,HOLLY ENERGY PAR,,3299975424,437667000,19.67856651,,,,-12.75499058,US,10102040,Oil & Gas Storage & Transportation,Energy,,,71.16761017,,,0.644999981,217982000,-0.24561872,150330000,1245065984,0,8.869470538,,,,,,,,,,,,,,,
HES US Equity,HESS CORP,72.6140976,15083783168,5250999936,,71.07440186,73.4375,75,,US,10102020,Oil & Gas Exploration & Production,Energy,83.50515747,84.53607941,31.75669289,15.38459969,0,0.25,,-1.840362652,-6289000256,6592000000,122000000,-22.0673998,12,64.38459778,75,92.30770111,0,91.66999817,4100,500,808.3189087,0.899999976,93.40000153,6400,2,4700000,4700000
HESM US Equity,HESS MIDSTREAM P,,1080819840,,,,,,,US,10102040,Oil & Gas Storage & Transportation,Energy,,,0,,,0.310699999,,-0.201515943,,0,0,,,,,,,,,,,,,,,,
HFC US Equity,HOLLYFRONTIER CO,28.92560005,9079925760,13213662208,25.36719847,10.85270023,42.1053009,57.14289856,5.507775784,US,10102030,Oil & Gas Refining & Marketing,Energy,56.25,28.125,29.03699684,0,0,0.330000013,,-0.54368695,337478016,2236514048,0,63.2356583,11,62.90000153,,80,0,90.91000366,,,,,,,34,3730000,4047225
HGT US Equity,HUGOTON ROYALTY,,56000000,5337759,12.17984391,,,,0,US,10102020,Oil & Gas Exploration & Production,Energy,,,0,,,0.012433,,-3.448280681,4597760,0,0,-30.6432246,,,,,,,,,,,,,,,
HK US Equity,HALCON RESOURCES,16.18260002,1132442240,547072992,22.49361281,1.652899981,17.1875,46.42860031,85.31012726,US,10102020,Oil & Gas Exploration & Production,Energy,,,41.30620956,0,1,0,,0.264900403,600315008,408879008,408879008,-18.95074895,10,57.11109924,,88.88890076,1,90,,,,,,,0,1600000,6786667
HLX US Equity,HELIX ENERGY SOL,11.20330048,1113811840,546147992,,,,48.21429825,-5.261072159,US,10101020,Oil & Gas Equipment & Services,Energy,,,25.0019474,12.5,1,0,,0,-74941000,395344992,108611000,-14.51246913,7,63.75,,75,1,71.43000031,,,,,,,,1910769,1910769
HP US Equity,HELMERICH & PAYN,,7020262400,1804741024,,,,,,US,10101010,Oil & Gas Drilling,Energy,5.714285851,28.5714283,10.58298969,10,0,0.699999988,-151103000,-0.277692542,-128212000,492902016,0,-12.1804665,10,62.5,,80,0,90,,,,,,,,2152478,2857691
ICD US Equity,INDEPENDENCE CON,19.83469963,151166512,82954000,,4.651199818,19.29820061,55.35710144,,US,10101010,Oil & Gas Drilling,Energy,,,16.66551208,0,0,0,-26085000,-0.995023931,-28928000,47630000,510000,-40.59701295,6,62,,80,0,83.33000183,,,,,,,0,1223077,1223077
IDA US Equity,IDACORP INC,36.22639847,4603908096,1337457024,22.24187192,30.34480095,29.6875,58.92860031,6.532177925,US,55101010,Electric Utilities,Utilities,,,43.70063782,20,0,0.550000012,307624000,-0.251114463,206780000,1745746048,2425000,16.43286242,11,63.79999924,72,80,0,90.91000366,4840.189941,0.233999997,,,,,0,2367904,2367904
INT US Equity,WORLD FUEL SVCS,11.15699959,1902791936,32615599616,15.99028046,,,48.21429825,,US,10102030,Oil & Gas Refining & Marketing,Energy,,,37.30202484,0,1,0.119999997,209600000,-1.642786476,25000000,1128099968,23600000,-38.26353632,9,67.11109924,,77.77780151,1,88.88999939,,,,,,,,2421150,2421150
IO US Equity,ION GEOPHYSICAL,11.15699959,234949760,175021000,,,,48.21429825,-79.56008911,US,10101020,Oil & Gas Equipment & Services,Energy,,,83.78373718,0,0,0,,-1.25,-35339000,116506000,38819000,229.1666667,8,60.375,,87.5,0,87.5,,,,,,,,1954068,1954068
JAG US Equity,JAGGED PEAK ENER,,3360045824,240337000,,,,,,US,10102020,Oil & Gas Exploration & Production,Energy,,,4.927855968,,,0,,-2.652679678,-466667992,35000000,0,,9,,,,,88.88999939,,,,,,,,,
JKS US Equity,JINKOSOLAR-ADR,7.851200104,782743744,3708034192,16.4562562,,,33.92860031,18.90216255,CN,45301020,Semiconductors,Information Technology,,,67.02379608,0,0,0,,-2.74969801,163686720.6,69649128.32,1959356196,57.9120155,7,52.71429825,,42.85710144,0,57.13999939,,,,,,,,,
JONE US Equity,JONES ENERGY - A,11.98349953,107879824,195183000,0.887818794,,,51.78570175,,US,10102020,Oil & Gas Exploration & Production,Energy,,,48.52152252,0,1,0,,6.796121786,-183797000,698739968,0,-76.0766937,5,57.14289856,75,71.4285965,1,60,,,,,,,,1220000,1220000
KEN US Equity,KENON HOLDINGS L,,1163030784,2131740992,,,,,,SG,55105010,Independent Power Producers & Energy Traders,Utilities,,,78.26754761,,,0,,3.787147579,-80507000,3344000000,225000000,85.88158789,,,,,,,,,,,,,,,
KMI US Equity,KINDER MORGAN IN,25.20660019,40354639872,13461999872,30.81204243,12.40310001,24.56139946,55.35710144,0.595094025,US,10102040,Oil & Gas Storage & Transportation,Energy,84.375,3.125,50.47526169,6.666699886,1,0.125,,-1.310757936,1398000000,34069000192,3156000000,-10.56683611,16,68.46669769,,86.66670227,1,81.25,,,,,,,8.149999619,1450001,1450001
KOS US Equity,KOSMOS ENERGY LT,43.1534996,2667084288,685654992,,30.57850075,59.375,51.78570175,,US,10102020,Oil & Gas Exploration & Production,Energy,,,51.70150375,0,1,0,1715000,-1.154400082,-157413000,1080352000,0,-2.282458189,10,59.09090042,,81.81819916,1,80,,,,0.383300006,0.832199991,,0,3134925,3134925
KRP US Equity,KIMBELL ROYALTY,,268284240,,,,,,,US,10102020,Oil & Gas Exploration & Production,Energy,,,7.710330009,,,0.310000002,,1.5625,,22214000,0,,,,,,,,,,,,,,,,
LNT US Equity,ALLIANT ENERGY,32.45280075,9851617280,3323099968,22.78609652,20.68969917,39.0625,55.35710144,6.051864147,US,55101010,Electric Utilities,Utilities,28.5714283,6.349206448,52.67071152,50,1,0.314999998,623600000,-0.117204025,436400000,4255099904,590499968,16.0468852,10,58.79999924,,90,1,90,,,,,,917247,63.11999893,2897424,2897424
LPI US Equity,LAREDO PETROLEUM,18.59499931,2573058048,826579984,21.24630262,2.325599909,19.29820061,55.35710144,45.74762726,US,10102020,Oil & Gas Exploration & Production,Energy,,,80.62744141,12.5,1,0,405693000,-1.302328775,121992000,1440967936,0,-24.96464357,8,61.25,75,87.5,1,87.5,,,,,,,0,2236279,6126279
MDR US Equity,MCDERMOTT INTL,14.8760004,1868777600,2908416032,11.38390554,,8.771900177,55.35710144,9.296225548,US,10101020,Oil & Gas Equipment & Services,Energy,,,23.50154495,11.1111002,0,0,,-1.497004599,152554000,521641984,19035000,-10.9607572,9,62.55559921,72,88.88890076,0,88.88999939,,,,,,,31.45000076,2931938,2931938
MMP US Equity,MAGELLAN MIDSTRE,14.04959965,16176062464,2449276992,18.72815434,,8.771900177,51.78570175,-1.599735022,US,10102040,Oil & Gas Storage & Transportation,Energy,,,66.83369446,25,1,0.904999971,,0.567056309,844927008,4051410944,251439008,-1.588564596,8,62.375,,87.5,1,87.5,,,,,,,24,2182616,2182616
MPC US Equity,MARATHON PETROLE,26.44630051,32225435648,63208999936,19.32996771,20.93020058,14.03509998,51.78570175,9.695655823,US,10102030,Oil & Gas Refining & Marketing,Energy,65.625,75,38.05979156,9.090900421,1,0.400000006,,-0.632527348,1643000000,12753000448,29000000,34.75175272,11,64.90910339,,90.90910339,1,90.91000366,,,,12.72729969,570.9089966,,,4543750,4543750
MPLX US Equity,MPLX LP,,14438642688,3496000000,44.80453268,,,,-2.925466061,US,10102040,Oil & Gas Storage & Transportation,Energy,,,38.18445587,,,0.587499976,,-0.36516084,689000000,6848000000,0,9.082667158,,,,,,,,,,,,,,,
MPO US Equity,MIDSTATES PETROL,11.15699959,417374080,232590000,,,,48.21429825,,US,10102020,Oil & Gas Exploration & Production,Energy,,,17.45491028,12.5,0,0,106469000,-0.240679383,1577594960,128059000,0,-20.05785869,8,54.88000107,,75,0,100,,,,,,,,1200000,
MRC US Equity,MRC GLOBAL INC,11.98349953,1599507072,3462000000,,,,51.78570175,,US,20107010,Trading Companies & Distributors,Industrials,,,28.32699585,10,0,0,93000000,-0.059068096,-3000000,444000000,3000000,-16.48568665,11,64,73,70,0,90.91000366,,,,,,,,2355000,2355000
MRO US Equity,MARATHON OIL,42.32369995,14384803840,4390000000,,32.23139954,45.3125,60.71429825,,US,10102020,Oil & Gas Exploration & Production,Energy,75.25772858,73.19587708,35.52537918,12.5,0,0.050000001,,-0.820148753,-7066000256,6488000000,0,-0.797015125,8,63.25,,87.5,0,87.5,3070,190,,,,,,3786479,3786479
MTDR US Equity,MATADOR RESOURCE,11.15699959,3375955968,466595008,32.62435736,,,48.21429825,28.54966164,US,10102020,Oil & Gas Exploration & Production,Energy,,,36.63634109,9.090900421,1,0,,-0.606642835,191687000,574027008,0,20.84626896,11,63.18180084,,90.90910339,1,90.91000366,,,,,,,,2825000,4590000
MTR US Equity,MESA RYLTY TRUST,,34383236,,,,,,,US,10102020,Oil & Gas Exploration & Production,Energy,,,,,,,,4.237287953,,,,88.22407917,,,,,,,,,,,,,,,
MUR US Equity,MURPHY OIL CORP,21.99169922,5358387712,2000344960,,9.91740036,15.625,55.35710144,,US,10102020,Oil & Gas Exploration & Production,Energy,50.51546478,36.08247375,37.02410126,23.07690048,0,0.25,,-1.895735825,-88922000,2908284928,19581000,3.429044127,12,63.30770111,,92.30770111,0,91.66999817,,,,,,,,3340330,3440330
MUSA US Equity,MURPHY USA INC,12.80990028,2796218624,10534248960,17.71750279,,3.50880003,51.78570175,23.06302071,US,25504050,Automotive Retail,Consumer Discretionary,,,57.08487701,10,0,0,,-0.433649459,164241000,864974976,19719000,30.73043601,10,62,76,90,0,90,,,,,,,,2717242,2952242
MVO US Equity,MV OIL TRUST,,96600000,9545716,11.12582749,,,,0,US,10102020,Oil & Gas Exploration & Production,Energy,,,0,,,0.224999994,,-4.977381521,8682500,0,0,51.11267118,,,,,,,,,,,,,,,
NBL US Equity,NOBLE ENERGY INC,51.03730011,14179736576,4030000000,125.3516541,49.58679962,45.3125,60.71429825,,US,10102020,Oil & Gas Exploration & Production,Energy,79.38144684,54.63917542,43.16661835,9.090900421,1,0.100000001,,-0.647802709,-1864000000,7487000064,65000000,-22.4226227,11,64.54550171,72,90.90910339,1,90.91000366,2520.110107,23.01099968,1531.439941,,,1812.459961,,3655867,3805867
NBLX US Equity,NOBLE MIDSTREAM,,1956758528,219673000,13.51351356,,,,47.06898117,US,10102040,Oil & Gas Storage & Transportation,Energy,,,37.29711533,,,0,,-1.768175833,122969000,203043008,785000,44.21042011,,,,,,,,,,,,,,,
NBR US Equity,NABORS INDS LTD,28.51239967,2171247360,2394955968,,13.1782999,31.57889938,60.71429825,,US,10101010,Oil & Gas Drilling,Energy,60.97560883,48.78048706,57.49045181,0,1,0.059999999,,1.335313882,-766054008,3958615040,196000,-57.07389613,7,64.4285965,72,85.71430206,1,85.70999908,,,,,,,,2349000,2349000
NC US Equity,NACCO INDS-CL A,21.48760033,257759360,655816984,7.126044739,4.651199818,22.80699921,58.92860031,9.685614586,US,10102050,Coal & Consumable Fuels,Energy,,,22.09936523,0,1,0.272500008,58575000,-1.953124922,44295000,57573000,1168000,84.89446481,10,68.33329773,70,77.77780151,1,90,,,,,,,,2398116,2398116
NDRO US Equity,ENDURO ROYALTY T,,103950000,10818208,10.53388413,,,,,US,10102020,Oil & Gas Exploration & Production,Energy,,,0,,,0.035594001,9866335,0,9868155,0,0,34.69209453,,,,,,,,,,,,,,,
NE US Equity,NOBLE CORP PLC,13.22309971,1107251328,1317486016,,,8.771900177,48.21429825,,GB,10101010,Oil & Gas Drilling,Energy,7.692307472,10.2564106,40.41004181,25,1,0,,1.345290185,-1794686064,3795326976,249652000,-23.64864995,9,60.125,,87.5,1,77.77999878,,,,,,,0,3047945,3147945
NEE US Equity,NEXTERA ENERGY,44.15090179,73471401984,16882999808,23.3981859,37.93099976,37.5,67.85710144,7.570186138,US,55101010,Electric Utilities,Utilities,55.55555725,16.66666603,56.13198471,25,1,0.982500017,,-0.102336844,4189000064,30345000960,4614000128,34.36372844,12,63.33330154,72,91.66670227,1,91.66999817,,,,,,7328890,27.6548996,3751998,3751998
NEP US Equity,NEXTERA ENERGY P,,2338760448,749000000,56.80216247,,,,-78.32865906,US,55105020,Renewable Electricity,Utilities,,,67.61815643,,,0.379999995,,1.530856194,68000000,4236999936,98000000,75.91514252,,,,,,,,,,,,,,,
NFG US Equity,NATL FUEL GAS CO,14.52280045,4699318784,1579880000,16.63939443,1.652899981,3.125,55.35710144,3.884799004,US,55102010,Gas Utilities,Utilities,,,58.31755447,11.1111002,0,0.414999992,,0,283483000,2083681024,300000000,-0.216878132,10,65.11109924,75,77.77780151,0,90,,,,,,,,3333750,3333750
NFX US Equity,NEWFIELD EXPLORA,31.5352993,6293979136,1735000000,16.2441626,14.8760004,42.1875,55.35710144,31.12313843,US,10102020,Oil & Gas Exploration & Production,Energy,70.10309601,64.94845581,65.15800476,22.22220039,1,0,,-1.407125898,345000000,2432999936,0,-22.14814645,10,62.55559921,72,88.88890076,1,90,,,,,,,0,2624283,2842832
NGL US Equity,NGL ENERGY PARTN,,1693203328,14959614976,,,,,,US,10102040,Oil & Gas Storage & Transportation,Energy,,,59.68690109,,,0.389999986,91109000,2.181819569,-210012008,2993460992,42373000,-25.50665862,,,,,,,,,,,,,,,
NGS US Equity,NATURAL GAS SERV,11.98349953,339060416,67736000,131.9480517,,,51.78570175,0.987151027,US,10101020,Oil & Gas Equipment & Services,Energy,,,0.175486997,0,1,0,,1.353966639,2309000,417000,0,-18.50699994,5,67,80,80,1,80,,,,,,,,962329,973712
NI US Equity,NISOURCE INC,44.15090179,8645493760,4803299904,23.21488623,35.86209869,43.75,66.0714035,-20.71100426,US,55103010,Multi-Utilities,Utilities,59.52381134,61.90476227,66.47611237,22.22220039,0,0.174999997,865500000,0.430362334,269700000,7518600192,1132999936,19.28117053,11,61.33330154,,88.88890076,0,90.91000366,12420.2998,56.04800034,,0.022700001,7.353600025,362880,39.75,2665378,2870208
NJR US Equity,NEW JERSEY RES,,3493833728,2268616960,23.39660547,,,,,US,55102010,Gas Utilities,Utilities,,,53.59859085,25,1,0.270000011,167043992,1.25944582,132065000,997080000,431375008,16.20451628,12,66.75,,91.66670227,1,91.66999817,,,,,,,,2571752,2571752
NOV US Equity,NATL OILWELL VAR,11.98349953,13688760320,7027000064,,,3.50880003,48.21429825,,US,10101020,Oil & Gas Equipment & Services,Energy,0,54.2857132,18.50380135,11.1111002,1,0.050000001,,1.493374906,-937000000,2707000064,506000000,-3.2316225,9,62.66669846,,88.88890076,1,88.88999939,,,,,,,,2870000,2870000
NR US Equity,NEWPARK RESOURCE,19.83469963,738197504,680457024,,3.875999928,24.56139946,51.78570175,0.64179498,US,10101020,Oil & Gas Equipment & Services,Energy,,,30.1151886,0,0,0,,1.176475076,3245000,139720992,85119000,14.66667175,7,65.28569794,,85.71430206,0,85.70999908,,,,,,,0,1978730,1978730
NRG US Equity,NRG ENERGY,40.90909958,9017958400,11040999936,,33.33330154,33.33330154,66.0714035,-72.3271637,US,55105010,Independent Power Producers & Energy Traders,Utilities,37.39837265,27.64227676,81.74565125,7.692299843,0,0.029999999,,1.677969688,-1605000000,15658000384,1247000064,133.7013405,12,63.76919937,,84.61540222,0,91.66999817,66000,,,,,7972000,30,3415201,3415201
NRP US Equity,NATURAL RESOURCE,,318032160,322655000,6.723878148,,,,59.3540802,US,10102050,Coal & Consumable Fuels,Energy,,,69.33534241,,,0.449999988,152254000,5.691055272,96268000,762441024,174138000,-14.64626649,,,,,,,,,,,,,,,
NRT US Equity,NORTH EURO OIL,,63966508,7762225,9.157894722,,,,,US,10102020,Oil & Gas Exploration & Production,Energy,,,,,,0,,6.748467155,7026448,,,17.38331998,,,,,,,,,,,,,,,
NS US Equity,NUSTAR ENERGY LP,,2786334976,1835241024,30.28988283,,,,-12.24077511,US,10102030,Oil & Gas Refining & Marketing,Energy,,,60.13714218,,,1.095000029,,-0.066728565,111726000,3232599040,418007008,-33.2734984,,,,,,,,,,,,,,,
NSH US Equity,NUSTAR GP HOLDIN,,674342464,0,11.62570297,,,,-37.36951065,US,10102040,Oil & Gas Storage & Transportation,Energy,,,14.2097702,,,0.545000017,,0.319490044,85332000,0,42500000,-40.20779866,,,,,,,,,,,,,,,
NWE US Equity,NORTHWESTERN COR,23.01889992,2901092608,1291694016,18.00315735,6.89659977,31.25,55.35710144,2.923607111,US,55103010,Multi-Utilities,Utilities,,,54.75105286,25,0,0.524999976,254541000,0.150981633,160753000,1816850048,271831008,8.70923698,9,61.75,,87.5,0,88.88999939,,,,,,,41.09000015,1943993,1943993
NWN US Equity,NORTHWEST NAT GS,20,1712733568,755279008,27.11363748,5.517199993,21.875,55.35710144,,US,55102010,Gas Utilities,Utilities,,,47.93193054,27.27269936,0,0.469999999,139768000,-0.500415735,62819000,757428992,21995000,2.824676939,10,64.54550171,70,81.81819916,0,90,,,,,,,54.4070015,2479567,3181941
NYLD/A US Equity,NRG YIELD INC-A,11.15699959,3488491520,1038000000,11.18627354,,,48.21429825,0.097608,US,55105010,Independent Power Producers & Energy Traders,Utilities,,,71.68370819,14.28569984,0,0.280000001,,-0.580161964,58000000,5520000000,300000000,30.47476049,7,56.71429825,,42.85710144,0,85.70999908,,,,,,,,850000,850000
OAS US Equity,OASIS PETROLEUM,18.25729942,2264923648,1067543008,,1.652899981,17.1875,55.35710144,,US,10102020,Oil & Gas Exploration & Production,Energy,,,43.35064316,0,1,0,,0.59808843,-55509000,2340613120,0,-44.45178562,8,59.25,,75,1,75,,,,,,,0,2100000,2100000
OGE US Equity,OGE ENERGY CORP,30.94339943,6572299776,2290000000,17.23036644,29.65519905,12.5,55.35710144,6.903444767,US,55101010,Electric Utilities,Utilities,30.15872955,7.936507702,47.2961731,20,0,0.332500011,512800000,-0.272727735,382100000,2749499904,496200000,1.952097933,10,63.5,72,90,0,90,17492.19922,211.6560059,,,,,,2472820,2472820
OGS US Equity,ONE GAS INC,20.37739944,3829577216,1517991984,24.50167239,6.89659977,23.4375,51.78570175,-1.440772057,US,55102010,Gas Utilities,Utilities,,,41.43782425,14.28569984,0,0.419999987,288497000,-0.190734859,158190000,1193052032,174000000,17.29873683,7,62.57139969,,71.4285965,0,85.70999908,,,,,,,20.58799934,2130000,2130000
OII US Equity,OCEANEERING INTL,11.98349953,2077619328,1925776992,,,3.50880003,48.21429825,,US,10101020,Oil & Gas Equipment & Services,Energy,55.8139534,60.46511459,34.66407394,0,0,0.150000006,,1.48823556,-18198000,795804992,0,-23.71470356,8,66.375,,87.5,0,87.5,,,,,,,,2322000,2322000
OIS US Equity,OIL STATES INTL,16.11569977,1445828608,656851008,,1.550400019,14.03509998,51.78570175,,US,10101020,Oil & Gas Equipment & Services,Energy,,,1.648887038,12.5,0,0,,0.71173969,-57582000,19061000,492000,-27.43589939,9,67,,87.5,0,88.88999939,,,,,,,,2346442,2346442
OKE US Equity,ONEOK INC,33.19499969,20494690304,11036209920,32.76811182,21.48760033,26.5625,66.0714035,-10.64236259,US,10102040,Oil & Gas Storage & Transportation,Energy,90.625,68.75,63.15849304,18.18180084,0,0.745000005,,-0.074782042,415301000,8092000256,1364899968,-2.079322782,10,62.36360168,73,81.81819916,0,90,2500,,,,,,,2475000,2475000
OMP US Equity,OASIS MIDSTREAM,,479805184,,,,,,,US,10102040,Oil & Gas Storage & Transportation,Energy,,,0,,,0,,1.631705648,,0,0,,,,,,,,,,,,,,,,
ORA US Equity,ORMAT TECHNOLOGI,16.52890015,3236192000,692966000,26.942119,2.325599909,14.03509998,51.78570175,8.396492958,US,55105020,Renewable Electricity,Utilities,,,41.76540375,12.5,0,0.079999998,,-0.404861618,117759000,822371968,84106000,20.13195167,8,62.5,,100,0,100,,,,,,,,1431841,1431841
OXY US Equity,OCCIDENTAL PETE,47.30289841,56367972352,11804000000,70.5069355,42.97520065,40.625,64.28569794,-5.29219389,US,10102010,Integrated Oil & Gas,Energy,82.47422791,69.07216644,32.22167587,25,0,0.769999981,,-0.054264977,542000000,9326000128,500000000,8.556154362,11,65.66670227,75,83.33329773,0,90.91000366,10450,5380,,,,,15.44999981,4640284,4640284
PAA US Equity,PLAINS ALL AMER,15.28929996,14967904256,24569999872,19.57195813,,14.03509998,51.78570175,,US,10102040,Oil & Gas Storage & Transportation,Energy,,,52.59833145,0,1,0.300000012,,-0.673730955,791000000,10488999936,918000000,-31.33746558,12,62.79999924,,30,1,75,,,,,,,3,1322292,1322292
PAGP US Equity,PLAINS GP HOLD-A,18.59499931,6338851840,24569999872,14.13931607,6.201600075,14.03509998,51.78570175,-29.96042824,US,10102040,Oil & Gas Storage & Transportation,Energy,26.47058868,32.35293961,47.70408249,0,1,0.300000012,,-0.453507835,61000000,10488999936,918000000,-32.12992417,12,62.45449829,,27.27269936,1,75,,,,,,,0.150000006,1340000,1340000
PBF US Equity,PBF ENERGY INC-A,16.11569977,3900803584,19999217152,16.53569608,1.550400019,14.03509998,51.78570175,10.605793,US,10102030,Oil & Gas Refining & Marketing,Energy,,,44.72997665,11.1111002,0,0.300000012,,0.226185563,228182992,2158337024,6831000,33.56522666,9,68.44439697,,88.88890076,0,100,,,,,,,49.09000015,4673958,4673958
PBFX US Equity,PBF LOGISTICS LP,,1210520320,249994000,9.116805887,,,,,US,10102040,Oil & Gas Storage & Transportation,Energy,,,77.27045441,,,0.479999989,147262000,0.479618128,100494000,533136000,0,25.78724433,,,,,,,,,,,,,,,
PBT US Equity,PERMIAN BASIN,,413420032,30504683,14.08678847,,,,0,US,10102020,Oil & Gas Exploration & Production,Energy,,,0,,,0.126589999,,-0.224977019,29195829,0,0,23.24230818,,,,,,,,,,,,,,,
PCG US Equity,PG&E CORP,56.98109818,23061573632,17748000000,10.26026994,59.31029892,48.4375,60.71429825,6.223031044,US,55101010,Electric Utilities,Utilities,49.20634842,82.53968048,48.53498459,26.66670036,1,0.529999971,3568000000,0.044633915,2238000000,16618999808,1568999936,-24.50827569,12,64.33329773,,80,1,91.66999817,3949.929932,1243.959961,,67.64499664,104.375,547.8010254,58.33330154,4262215,4262215
PE US Equity,PARSLEY ENERGY-A,11.20330048,9255590912,812139008,88.26739277,,,48.21429825,,US,10102020,Oil & Gas Exploration & Production,Energy,,,20.32980156,0,1,0,224782000,-1.406564192,26110000,1487271040,8037000,-16.45857227,8,55.42860031,,85.71430206,1,87.5,,,,,,,,2108125,2108125
PEG US Equity,PUB SERV ENTERP,23.39620018,26060998656,9078000000,17.66252449,12.41380024,17.1875,58.92860031,1.761873007,US,55103010,Multi-Utilities,Utilities,61.11111069,46.03174591,49.23017502,18.18180084,1,0.430000007,1093000000,0.31164754,520000000,11274000384,1452000000,21.77335142,11,66.81819916,75,90.90910339,1,90.91000366,,,,,,,62.45999908,3354887,3354887
PER US Equity,SANDRIDGE PERMIA,,107625000,29964000,3.750697528,,,,,US,10102020,Oil & Gas Exploration & Production,Energy,,,,,,0.118000001,,5.128200112,26396000,,,-19.35500118,,,,,,,,,,,,,,,
PES US Equity,PIONEER ENERGY S,11.98349953,237043008,391649000,,,,51.78570175,,US,10101010,Oil & Gas Drilling,Energy,,,63.92810059,0,0,0,,8.928571581,-98641000,392600992,0,-55.47445263,5,64.19999695,72,80,0,80,,,,,,,,2095000,2658574
PHX US Equity,PANHANDLE OIL-A,,342733216,46335049,87.83853024,,,,1.091590047,US,10102020,Oil & Gas Exploration & Production,Energy,,,30.91348076,12.5,0,0.039999999,,-3.294121237,3531933,52222000,0,-12.0397732,8,61.75,70,87.5,0,87.5,,,,,,,,956000,956000
PKD US Equity,PARKER DRILLING,11.98349953,138896704,420211000,,,3.50880003,48.21429825,,US,10101010,Oil & Gas Drilling,Energy,,,64.02240753,0,1,0,-78774000,0,-138937000,577550016,0,-61.53846013,8,63.11109924,,77.77780151,1,87.5,,,,,,,,2119810,2119810
PNM US Equity,PNM RESOURCES,23.01889992,3221989120,1448622976,20.12977662,13.10340023,20.3125,51.78570175,6.785017967,US,55101010,Electric Utilities,Utilities,,,59.53663635,37.5,1,0.242500007,383177000,-0.369452504,159493000,2282390016,431812000,20.93025882,8,63.75,,87.5,1,87.5,,,,,,,39.70999908,2223111,2223111
PNW US Equity,PINNACLE WEST,37.7358017,9517142016,3544835968,18.39740811,32.41379929,29.6875,60.71429825,7.645081043,US,55101010,Electric Utilities,Utilities,48.41269684,61.11111069,47.78293991,18.18180084,1,0.654999971,1044369984,-0.023470239,520073008,4491047936,338400000,12.66537715,11,67.36360168,,90.90910339,1,90.91000366,10000,,,,,,25,4280000,4280000
POR US Equity,PORTLAND GENERAL,29.05660057,4060828160,2018000000,19.817392,12.41380024,46.875,51.78570175,1.967316985,US,55101010,Electric Utilities,Utilities,,,49.73843765,18.18180084,0,0.340000004,374000000,-0.087674489,206000000,2276999936,100000000,8.307926926,12,65.36360168,,90.90910339,0,83.33000183,,,,,,,28.45000076,2702425,2702425
PPL US Equity,PPL CORP,40,21297717248,7352999936,13.46482926,21.37929916,57.8125,67.85710144,3.45429492,US,55101010,Electric Utilities,Utilities,57.93650818,27.77777863,66.01506805,11.1111002,1,0.395000011,3087000000,0.129410921,1515000000,19110000640,1659000064,-5.19933029,9,62.44440079,75,88.88890076,1,88.88999939,,,,0.027899999,,479608,49,3822259,3868948
PQ US Equity,PETROQUEST ENERG,,40205216,89636000,,,,,,US,10102020,Oil & Gas Exploration & Production,Energy,,,1151.783691,,,0,,-2.577323198,-15908000,280563008,0,-42.90030156,6,,,,,83.33000183,,,,,,,0,2631880,3263479
PSX US Equity,PHILLIPS 66,12.80990028,51256799232,83185000448,22.81148552,,3.50880003,51.78570175,5.139980793,US,10102030,Oil & Gas Refining & Marketing,Energy,50,0,29.8624115,30,1,0.699999988,,-0.794426801,2071000000,9495000064,706000000,20.96189553,10,64.69999695,,90,1,90,,,,,,,,4737224,4737224
PSXP US Equity,PHILLIPS 66 PART,,6364292096,804000000,21.57640897,,,,-3.185164928,US,10102040,Oil & Gas Storage & Transportation,Energy,,,56.33456421,,,0.61500001,385500000,0.172216141,397000000,2272999936,17000000,12.67319519,,,,,,,,,,,,,,,
PUMP US Equity,PROPETRO HOLDING,,1674083456,,,,,,,US,10101020,Oil & Gas Equipment & Services,Energy,,,9.433712006,,,0,,0.598797038,,34476000,7441000,,8,,,,,87.5,,,,,,,,750000,2500000
PXD US Equity,PIONEER NATURAL,19.08709908,29413066752,5595000064,120.527047,4.132199764,15.625,55.35710144,,US,10102020,Oil & Gas Exploration & Production,Energy,36.08247375,34.02061844,20.49069595,23.07690048,1,0.039999999,,0.156451657,124000000,2281999872,449000000,-3.963133312,13,62.15380096,,84.61540222,1,84.62000275,,,,,,,,2663400,2663400
QEP US Equity,QEP RESOURCES IN,20.74690056,2305748224,1595800000,,6.611599922,17.1875,55.35710144,,US,10102020,Oil & Gas Exploration & Production,Energy,29.89690781,12.3711338,35.75704956,12.5,1,0,,-2.644966744,-14300000,1890599936,134000000,-48.01738308,9,62.125,72,87.5,1,88.88999939,,,,,,,0,2838364,2838364
RDC US Equity,ROWAN COMPANIE-A,17.35540009,1977123584,1337900000,,1.550400019,19.29820061,51.78570175,,US,10101010,Oil & Gas Drilling,Energy,35,20,32.16184616,10,0,0,138100000,0.578035673,-63700000,2510200064,0,-17.09899231,8,65.40000153,,90,0,87.5,,,,,,,,2318319,3788224
REN US Equity,RESOLUTE ENERGY,11.20330048,708197952,302592000,,,,48.21429825,,US,10102020,Oil & Gas Exploration & Production,Energy,,,112.9088898,0,1,0,,0.994863503,-20549000,645193024,0,-23.59795979,10,65.16670227,,66.66670227,1,70,,,,,,,,2005000,2005000
RES US Equity,RPC INC,11.15699959,5529435648,1388924992,73.51268564,,,48.21429825,7.524380207,US,10101020,Oil & Gas Equipment & Services,Energy,,,0,22.22220039,0,0.059999999,,0.353774177,83701000,0,0,29.96683995,9,76.33329773,,44.44440079,0,66.66999817,,,,,,,,2325000,2325000
REX US Equity,REX AMERICAN RES,11.15699959,543662784,464638000,16.46601116,,,48.21429825,9.569233894,US,10102030,Oil & Gas Refining & Marketing,Energy,,,0,0,0,0,,-2.000476295,33034000,0,0,-16.16202439,8,67,,62.5,0,75,,,,,,,,655200,655200
RIG US Equity,TRANSOCEAN LTD,24.38019943,4178414336,3318000000,13.30841149,10.85270023,24.56139946,55.35710144,,CH,10101010,Oil & Gas Drilling,Energy,21.95121956,34.14634323,36.22649002,9.090900421,0,0,-2176999936,-0.373133963,-2792999936,6501000192,799000000,-27.5440945,11,59.18180084,,90.90910339,0,90.91000366,,,,,,,28,3505000,3505000
RMP US Equity,RICE MIDSTREAM P,,2196447744,276294000,13.49357984,,,,6.886222839,US,10102040,Oil & Gas Storage & Transportation,Energy,,,15.26592636,,,0.281399995,180679000,0.987766144,167389000,222000000,0,-8.496538684,,,,,,,,,,,,,,,
RNGR US Equity,RANGER ENERGY SE,,141028240,,,,,,,US,10101020,Oil & Gas Equipment & Services,Energy,,,6.669712067,,,,,-0.431509316,,5800000,8800000,,,,,,,,,,,,,,,,
ROYT US Equity,PACIFIC COAST OI,,74851328,0,23.38363676,,,,-0.001782,US,10102020,Oil & Gas Exploration & Production,Energy,,,0,,,0.039730001,,0.910769628,3199137,0,0,96.11944078,,,,,,,,,,,,,,,
RRC US Equity,RANGE RESOURCES,21.99169922,4233256960,2349992000,33.97235404,9.090900421,20.3125,51.78570175,,US,10102020,Oil & Gas Exploration & Production,Energy,60.82474136,21.64948463,41.82978439,18.18180084,1,0.02,,-3.12323183,-48747984,3981961984,0,-50.15715146,11,64,,90.90910339,1,90.91000366,,,,,,,0,2719000,2719000
RSPP US Equity,RSP PERMIAN INC,11.15699959,6451818496,676182016,60.60488608,,,48.21429825,3.082110882,US,10102020,Oil & Gas Exploration & Production,Energy,,,26.14184189,0,0,0,,0.098427451,92731000,1478499968,0,-8.830118156,9,68,,71.4285965,0,77.77999878,,,,,,,,2145000,5102000
SBOW US Equity,SILVERBOW RESOUR,11.15699959,343309632,178300000,13.21815946,,,48.21429825,31.87463379,US,10102020,Oil & Gas Exploration & Production,Energy,,,60.07853317,14.28999996,1,0,,3.988801234,39755000,250000000,0,-11.81009305,0,64.57099915,,71.43000031,1,,,,,,,,,1578967,1578967
SBR US Equity,SABINE ROYALTY,,650238784,35655691,19.69025279,,,,6.138503075,US,10102020,Oil & Gas Exploration & Production,Energy,,,0,,,0.579999983,,-1.218168401,33154367,0,0,34.88161483,,,,,,,,,,,,,,,
SCG US Equity,SCANA CORP,21.13209915,5673274368,4306999936,9.771940948,10.3448,12.5,58.92860031,-12.47087574,US,55103010,Multi-Utilities,Utilities,13.49206352,21.4285717,56.94516754,20,1,0.612500012,1005000000,0.151051251,450000000,6455000064,1199000064,-43.3531563,10,67.59999847,70,90,1,90,,,,,,,,3317741,3317741
SD US Equity,SANDRIDGE ENERGY,14.93780041,751480640,420275000,5.428162649,1.652899981,7.8125,51.78570175,,US,10102020,Oil & Gas Exploration & Production,Energy,,,4.19708395,0,0,0,,10.08359648,-268160016,37601000,0,-10.53078396,5,57,,80,0,80,,,,,,,,2916976,2917476
SDLP US Equity,SEADRILL PARTNER,,336067072,1225500000,2.338574516,,,,14.58093929,GB,10101010,Oil & Gas Drilling,Energy,,,55.9068718,,,0.100000001,638600000,-0.543477733,216700000,3208499968,191700000,-3.311255734,,,,,,,,,,,,,,,
SDR US Equity,SANDRIDGE MISSIS,,42325920,16042000,3.560091132,,,,-0.211354002,US,10102020,Oil & Gas Exploration & Production,Energy,,,0,,,0.050000001,,3.80487707,11899000,0,0,-29.22130864,,,,,,,,,,,,,,,
SDT US Equity,SANDRIDGE MISSIS,,23128000,9310000,3.640594779,,,,0.050113998,US,10102020,Oil & Gas Exploration & Production,Energy,,,0,,,0.0482,,-2.594341396,6353000,0,0,-26.51714632,,,,,,,,,,,,,,,
SEMG US Equity,SEMGROUP CORP-A,11.98349953,2376281856,1877282976,49.43056747,,,51.78570175,,US,10102040,Oil & Gas Storage & Transportation,Energy,,,64.02749634,14.28569984,0,0.449999988,,0.66666921,-7769000,3009428992,5529000,-22.76015394,7,59.28570175,,85.71430206,0,85.70999908,,,,,,,,1849403,1849403
SEP US Equity,SPECTRA ENERGY,42.97520065,12547218432,2751000000,9.998032801,45.7364006,42.1053009,37.5,3.158075094,US,10102040,Oil & Gas Storage & Transportation,Energy,,,39.18245316,42.85710144,1,0.726249993,,-3.865791664,1406000000,5713999872,2539000064,-7.988627887,7,60.85710144,,42.85710144,1,85.70999908,7884,1119,,4.538000107,60.50400162,,22,2343800,2343800
SGU US Equity,STAR GROUP LP,,600794176,1323555008,23.88055872,,,,,US,55102010,Gas Utilities,Utilities,,,19.83236694,,,0,,1.033831326,26900000,65717000,10000000,4.136491126,,,,,,,,,,,,,,,
SGY US Equity,STONE ENERGY COR,13.27799988,643171456,357416000,7.498448834,,17.1875,37.5,,US,10102020,Oil & Gas Exploration & Production,Energy,,,44.80212021,20,1,0,,-1.561060147,249134000,235567008,421000,,5,70.40000153,,90,1,80,,,,,,,0,1893333,1893333
SHLX US Equity,SHELL MIDSTREAM,,5599670272,327000000,23.52387999,,,,-10.05847931,US,10102040,Oil & Gas Storage & Transportation,Energy,,,97.63856506,,,0.317999989,147400000,0.641243805,278400000,1000600000,0,6.733269707,,,,,,,,,,,,,,,
SJI US Equity,SOUTH JERSEY IND,23.39620018,2484317696,1227310992,27.68072155,9.655200005,29.6875,51.78570175,,US,55102010,Gas Utilities,Utilities,,,54.64181137,27.27269936,0,0.270000011,97715000,-0.064001465,38398000,1180318976,291008992,-4.333705438,10,61,,90.90910339,0,90,,,,,,,44,2065946,2065946
SJT US Equity,SAN JUAN BASIN,,384056480,38014945,10.48038021,,,,0.001024,US,10102020,Oil & Gas Exploration & Production,Energy,,,0,,,0.318307996,,-1.317372519,36645279,0,0,39.15600615,,,,,,,,,,,,,,,
SJW US Equity,SJW GROUP,13.5848999,1309846272,375002000,29.73144846,,7.8125,55.35710144,9.901158333,US,55104010,Water Utilities,Utilities,,,49.52804184,20,1,0.219999999,98333000,-0.900484083,55626000,431008992,13000000,16.19448582,10,68,75,90,1,90,,,,,,,58.73400116,2464705,2615955
SLB US Equity,SCHLUMBERGER LTD,59.91740036,93352787968,29368000000,50.89387075,55.03879929,61.4034996,69.64289856,-0.360042006,US,10101020,Oil & Gas Equipment & Services,Energy,57.1428566,45.7142868,30.01574326,27.27269936,1,0.5,2662000000,-0.103764743,546000000,15870999552,1288999936,-17.35979609,12,61.45449829,70,90.90910339,1,91.66999817,1136,704,652.9240723,,488,,,5333333,5333333
SM US Equity,SM ENERGY CO,13.27799988,2464658688,1266642016,,,7.8125,48.21429825,,US,10102020,Oil & Gas Exploration & Production,Energy,,,54.63870621,12.5,0,0.050000001,,-2.25763712,-335531000,2905358080,0,-35.63944749,8,61.625,,87.5,0,87.5,,,,,,,0,2376000,2376000
SMLP US Equity,SUMMIT MIDSTREAM,,1497732480,489624992,12.20945249,,,,4.863585949,US,10102040,Oil & Gas Storage & Transportation,Energy,,,52.73654556,,,0.574999988,221433000,-0.966187225,117919000,1295787008,0,-9.62937539,,,,,,,,,,,,,,,
SN US Equity,SANCHEZ ENERGY C,11.15699959,446726016,639689992,,,,48.21429825,,US,10102020,Oil & Gas Exploration & Production,Energy,,,105.0586166,0,0,0,,-1.848427125,69177000,1878009984,0,-41.19601218,8,49.25,,75,0,75,,,,,,,,2749222,9749222
SO US Equity,SOUTHERN CO,26.79249954,48064704512,22583000064,17.49166178,20,12.5,60.71429825,1.01738596,US,55101010,Electric Utilities,Utilities,22.22222137,34.92063522,65.53703308,20,1,0.579999983,2788000000,-0.393534862,586000064,44041998336,6083999744,2.414458594,15,65.80000305,,93.33329773,1,93.33000183,,,,,,,,3924169,3924169
SOI US Equity,SOLARIS OIL IN-A,,1107587712,,,,,,,US,10101020,Oil & Gas Equipment & Services,Energy,,,0.111952998,,,0,,-1.245389548,,186000,33000,,7,,,,,71.43000031,,,,,,,,,
SOL US Equity,RENESOLA LTD-ADR,8.677700043,101353184,727344000,,,3.50880003,33.92860031,,CN,45301020,Semiconductors,Information Technology,,,97.9420929,0,0,0,,0.757575005,-100645000,30328000,671432000,-16.83601207,5,57,,66.66670227,0,80,,,,,,,,,
SPH US Equity,SUBURBAN PROPANE,,1479963136,1187886000,39.08059311,,,,,US,55102010,Gas Utilities,Utilities,,,69.70204163,,,0.600000024,,2.366861663,37995000,1272163968,0,-9.065906917,,,,,,,,,,,,,,,
SPN US Equity,SUPERIOR ENERGY,20.74690056,1474191872,1731450976,,2.479300022,25,55.35710144,,US,10101020,Oil & Gas Equipment & Services,Energy,23.07692337,17.94871712,53.48343658,12.5,0,0,,-0.823892105,-425754992,1281714048,0,-42.95023345,8,66,,75,0,87.5,,,,,,,10,2690368,2690368
SR US Equity,SPIRE INC,,3629370112,1740700000,20.57608718,,,,,US,55102010,Gas Utilities,Utilities,,,56.36558914,50,0,0.529999971,322300000,-0.265423958,161600000,1995000064,577299968,19.88812377,8,63.375,75,87.5,0,87.5,,,,,,,,2344058,2344058
SRE US Equity,SEMPRA ENERGY,49.05659866,26845218816,11113000192,19.84869509,42.75859833,50,64.28569794,-23.2498951,US,55103010,Multi-Utilities,Utilities,80.95237732,9.523809433,54.70694733,27.27269936,1,0.819999993,1910000000,-0.149424411,1137000000,14803000320,3920999936,9.41661567,13,66.90910339,75,90.90910339,1,92.30999756,4700,212,,5.068200111,,74576,,4111200,4111200
SRLP US Equity,SPRAGUE RESOURCE,,545779840,2689650976,12.96879249,,,,,US,10102040,Oil & Gas Storage & Transportation,Energy,,,80.15881348,,,0.622500002,,-1.224486682,41275000,610524992,28675000,-5.687682906,,,,,,,,,,,,,,,
SSNI US Equity,ITRON NETWORKED,19.83469963,879267968,425653000,,4.651199818,22.80699921,51.78570175,,US,45103010,Application Software,Information Technology,,,,11.1111002,0,0,-44030000,-0.123004044,-43759000,0,0,22.0135181,9,58.88890076,,77.77780151,0,77.77999878,,,,,,,0,1040128,1515128
SUN US Equity,SUNOCO LP,9.958499908,2825306880,13655203072,10.68760019,,,42.85710144,-10.87675285,US,10102040,Oil & Gas Storage & Transportation,Energy,,,66.23438263,0,0,0.825500011,,0.388825378,-667697024,4182000128,6000000,17.68973285,7,57.63000107,,37.5,0,85.70999908,,,,,,,,2047417,3110500
SWN US Equity,SOUTHWESTRN ENGY,14.93780041,2859335168,3036000000,16.87391076,,7.8125,55.35710144,,US,10102020,Oil & Gas Exploration & Production,Energy,24.4186039,38.3720932,72.86465454,12.5,0,0,,-3.125005174,502000000,4396000256,40000000,-48.42883474,10,62.75,75,87.5,0,90,,,,,,,0,2510305,3782884
SWX US Equity,SOUTHWEST GAS HO,12.07549953,3831477248,2449884032,23.86427595,,7.8125,48.21429825,-12.75248432,US,55102010,Gas Utilities,Utilities,,,52.19759369,9.090900421,0,0.495000005,310995000,-0.519157183,162556000,1731981056,138952992,7.553421255,10,63.81819916,,90.90910339,0,90,,,,,,,0,,
SXE US Equity,SOUTHCROSS ENERG,,133252632,653638000,,,,,,US,10102040,Oil & Gas Storage & Transportation,Energy,,,50.33042526,,,0.325700015,,1.80723441,-89783000,518924000,4677000,25.18518721,,,,,,,,,,,,,,,
TCP US Equity,TC PIPELINES LP,,3710681856,381000000,17.15602243,,,,-15.38321972,US,10102040,Oil & Gas Storage & Transportation,Energy,,,70.88100433,,,1,201000000,0.302228658,244000000,2427000064,51000000,-3.498348362,,,,,,,,,,,,,,,
TDW US Equity,TIDEWATER INC,15.28929996,534736704,515632992,,,14.03509998,51.78570175,,US,10101020,Oil & Gas Equipment & Services,Energy,,,30.18421173,9.090900421,0,0,,-2.516983823,-2055133048,445676992,5174000,,6,65.45449829,,90.90910339,0,83.33000183,,,,,,,,2102699,4134212
TEGP US Equity,TALLGRASS ENERGY,,4047085824,641792992,34.98575479,,,,-6.753204823,US,10102040,Oil & Gas Storage & Transportation,Energy,,,54.10796738,,,0.354999989,,0.155638159,45364000,2261085952,0,0.766660559,,,,,,,,,,,,,,,
TEP US Equity,TALLGRASS ENERGY,,3356208640,641792992,12.4235042,,,,9.676675797,US,10102040,Oil & Gas Storage & Transportation,Energy,,,57.45950317,,,0.944999993,,-0.97192391,411552000,2115085952,0,3.799856727,,,,,,,,,,,,,,1075000,1775000
THR US Equity,THERMON GROUP HO,11.98349953,767851584,245289000,56.82118341,,,51.78570175,4.410354137,US,20104010,Electrical Components & Equipment,Industrials,,,17.48020554,0,0,0,33447000,-0.879393182,13866000,50262000,20250000,23.99161806,8,65.625,,87.5,0,87.5,,,,,,,,1449164,1449164
TLP US Equity,TRANSMONTAIGNE P,,638196544,178187000,16.45603396,,,,-6.381791115,US,10102040,Oil & Gas Storage & Transportation,Energy,,,44.98003387,,,0.754999995,,-0.303257349,51599000,302000000,0,-4.890694361,,,,,,,,,,,,,,,
TPL US Equity,TEXAS PAC LAND,,3501151232,111616996,51.02812215,,,,124.5833359,US,40201030,Multi-Sector Holdings,Financials,,,0,,,0,,1.384697097,68908556,0,0,51.17932953,,,,,,,,,,,,,,,
TRGP US Equity,TARGA RESOURCES,11.15699959,10440944640,8124700160,,,,48.21429825,,US,10102040,Oil & Gas Storage & Transportation,Energy,18.75,21.875,42.02639771,10,0,0.910000026,,0.477276507,-380100000,4368600064,528400000,-7.092278734,10,65,,60,0,70,,,,,,,,2391800,3420600
TTI US Equity,TETRA TECHNOLOGI,13.27799988,494840672,765955984,,,7.8125,48.21429825,-20.33057976,US,10101020,Oil & Gas Equipment & Services,Energy,,,62.00115967,0,0,0,,-0.928073373,-41863000,624126016,0,-14.9402391,9,64.33329773,,88.88890076,0,88.88999939,,,,,,,0,1879323,1879323
UGI US Equity,UGI CORP,,8129491968,6120700032,77.62164758,,,,-111.7547455,US,55102010,Gas Utilities,Utilities,8.730158806,1.587301612,54.81950378,22.22220039,0,0.25,1004200000,-0.191326851,436600000,3994599936,544400000,3.984389746,9,64.88890076,75,88.88890076,0,88.88999939,,,,,,,,3294862,3326112
UNT US Equity,UNIT CORP,17.84230042,1163352576,706996000,43.14529183,2.479300022,17.1875,51.78570175,2.488326073,US,10101010,Oil & Gas Drilling,Energy,,,39.21445847,10,0,0,232865000,-0.407424862,30376000,803833024,3806000,-18.12430475,9,66.80000305,,70,0,88.88999939,,,,,,,0,2538662,3037733
USAC US Equity,USA COMPRESSION,,1025756608,279750000,77.65185733,,,,-8.380685806,US,10101020,Oil & Gas Equipment & Services,Energy,,,53.27012634,,,0.524999976,61552400,-0.839324863,10163000,752000000,0,8.075168223,,,,,,,,,,,,,,,
USDP US Equity,USD PARTNERS LP,,291359232,112276000,10.12102049,,,,-14.10122585,US,10102040,Oil & Gas Storage & Transportation,Energy,,,71.3972168,,,0.344999999,,1.351347868,23960000,199411008,0,-20.64959213,,,,,,,,,,,,,,,
UTL US Equity,UNITIL CORP,14.33959961,675847552,395100000,22.8099993,1.379299998,7.8125,55.35710144,-11.50432682,US,55103010,Multi-Utilities,Utilities,,,60.39038467,18.18180084,1,0.360000014,67300000,-0.782950444,28000000,310000000,144800000,3.69406917,11,67.90910339,75,90.90910339,1,90.91000366,,,,,,,32.32899857,1751511,1751511
VLO US Equity,VALERO ENERGY,22.31399918,40218103808,84197001216,19.85097273,10.07750034,17.54389954,55.35710144,6.417246819,US,10102030,Oil & Gas Refining & Marketing,Energy,28.125,31.25,28.56036949,36.36360168,1,0.699999988,,-0.422534536,2061000000,8364000256,121000000,39.98282348,11,63.18180084,,90.90910339,1,90.91000366,,,,,,,,4140000,4140000
VLP US Equity,VALERO ENERGY PA,,3081899776,429849000,15.72936163,,,,54.13010025,US,10102040,Oil & Gas Storage & Transportation,Energy,,,83.47720337,,,0.479999989,265525000,0,233968000,895177024,0,4.464241659,,,,,,,,,,,,,,,
VOC US Equity,VOC ENERGY TRUST,,100640000,9453113,11.84000033,,,,0,US,10102020,Oil & Gas Exploration & Production,Energy,,,0,,,0.109999999,,0.680271447,8500000,0,0,108.6336908,,,,,,,,,,,,,,,
VSLR US Equity,VIVINT SOLAR INC,11.98349953,464788192,243019000,9.456474832,,3.50880003,48.21429825,8.124527931,US,20104010,Electrical Components & Equipment,Industrials,,,52.7562027,0,0,0,-94498000,1.250004768,45315000,884966016,18025000,58.82353986,8,49,,42.85710144,0,87.5,,,,,,,,1291203,2754537
VST US Equity,VISTRA ENERGY CO,,7844809728,,,,,,,US,55105010,Independent Power Producers & Energy Traders,Utilities,,,39.79512024,,,0,,2.289223065,,4540000256,44000000,18.19354642,8,,,,,87.5,,,,,,,,,
VVC US Equity,VECTREN CORP,45.28300095,5396815360,2645400000,23.99261888,34.48279953,51.5625,66.0714035,5.518027782,US,55103010,Multi-Utilities,Utilities,,,52.80323029,18.18180084,1,0.419999987,402500000,-0.076845016,224500000,1639100032,400900000,28.24813769,11,61.54550171,75,90.90910339,1,90.91000366,,,,0.0062,277.0899963,201776,65.51000214,2140574,2140574
WEC US Equity,WEC ENERGY GROUP,43.39619827,20963684352,7556500096,21.85197363,33.10340118,43.75,69.64289856,2.542088032,US,55103010,Multi-Utilities,Utilities,46.82539749,39.68254089,53.20300674,23.07690048,1,0.519999981,1734799968,0,966700000,8785800192,1702800000,17.08324111,13,65.69229889,72,84.61540222,1,84.62000275,29058,4986,,0.015,18.9260006,3280000,59,3771359,3771359
WES US Equity,WESTERN GAS PART,16.11569977,7962729472,2127157952,29.2661553,3.875999928,19.29820061,41.07139969,-6.277997971,US,10102040,Oil & Gas Storage & Transportation,Energy,,,45.40599442,0,0,0.904999971,,0.480567362,561850008,3343886080,0,-12.6875444,8,59,,50,0,87.5,,,,,,,0,961410,961410
WFT US Equity,WEATHERFORD INTE,26.44630051,4138839040,5615000064,,10.85270023,29.82460022,58.92860031,,CH,10101020,Oil & Gas Equipment & Services,Energy,62.8571434,71.42857361,85.12627411,0,0,0,,3.217824645,-1424000000,7529999872,391000000,-16.43286037,11,70,72,100,0,90.91000366,,,,,,,17,3200108,3863997
WGL US Equity,WGL HLDGS INC,15.47169971,4408101888,2354724000,29.94757611,,12.5,58.92860031,-91.95631409,US,55102010,Gas Utilities,Utilities,,,59.3027153,44.44440079,1,0.50999999,341012992,-0.174440667,193940000,1430861056,809843968,15.35103511,9,66.44439697,75,88.88890076,1,88.88999939,,,,,,,,2750000,2750000
WGP US Equity,WESTERN GAS EQUI,8.677700043,8135555584,2127157952,21.97540983,,,37.5,-7.532238007,US,10102040,Oil & Gas Storage & Transportation,Energy,,,45.77746964,0,0,0.537500024,,0.841252065,360782000,3371886080,0,-7.962422578,6,58.71429825,,42.85710144,0,83.33000183,,,,,,,,920013,920013
WLL US Equity,WHITING PETROLEU,21.16180038,2401694464,1360374016,,9.090900421,17.1875,51.78570175,,US,10102020,Oil & Gas Exploration & Production,Energy,13.26530647,13.26530647,38.33246231,12.5,1,0,206128000,-0.972326967,-612630992,2931442944,0,-44.92512784,9,69.125,,87.5,1,77.77999878,,,,,,,0,2600000,2600000
WMB US Equity,WILLIAMS COS INC,12.03320026,25207502848,8001000192,33.6092398,,3.125,48.21429825,-47.42310715,US,10102040,Oil & Gas Storage & Transportation,Energy,6.25,37.5,58.60476685,18.18180084,0,0.300000012,,-0.065553778,472000000,20566999040,502000000,2.044856086,11,64.90910339,,90.90910339,0,90.91000366,,,,,,,,3206000,3206000
WMLP US Equity,WESTMORELAND RES,,50438372,327544000,,,,,,US,10102050,Coal & Consumable Fuels,Energy,,,115.0409393,,,0.133300006,,2.197800086,-16555000,318800000,4220000,-43.42149706,,,,,,,,,,,,,,,
WPX US Equity,WPX ENERGY,11.15699959,5602067968,1204000000,,,,48.21429825,,US,10102020,Oil & Gas Exploration & Production,Energy,,,40.7206955,9.090900421,0,0,,-0.915493776,-150000000,2859000064,0,-3.431709063,11,65.90910339,,90.90910339,0,90.91000366,,,,,,,,2752633,2752633
WPZ US Equity,WILLIAMS PARTNER,7.851200104,37764808704,7977000192,21.37310239,,,33.92860031,-7.509284019,US,10102040,Oil & Gas Storage & Transportation,Energy,,,40.1401062,11.1111002,1,0.600000024,,-0.589591264,1358000000,16000000000,502000000,9.008837635,8,57.55559921,,33.33330154,1,37.5,,,,,,,,3156316,3156316
WR US Equity,WESTAR ENERGY IN,18.49060059,7502572544,2582756992,21.97619223,10.3448,17.1875,41.07139969,5.695728779,US,55101010,Electric Utilities,Utilities,21.4285717,10.31746006,50.68036652,22.22220039,0,0.400000006,685663992,0.11376101,343964000,3768284928,217634000,-3.471010484,9,63.11109924,70,88.88890076,0,88.88999939,,,,,,,67.56999969,2360001,2360001
WRD US Equity,WILDHORSE RESOUR,,1862562432,292014000,77.71440742,,,,,US,10102020,Oil & Gas Exploration & Production,Energy,,,28.99457359,,,0,,-0.162693524,18178000,642566976,0,26.09588607,11,,,,,81.81999969,,,,,,,,,
WTI US Equity,W&T OFFSHORE INC,11.20330048,456189984,473210000,7.534508441,,,48.21429825,,US,10102020,Oil & Gas Exploration & Production,Energy,,,250.6384735,20,1,0,,-0.600600042,72800000,982617024,11147000,19.49458359,5,64.59999847,,80,1,80,,,,,,,,2824000,2824000
WTR US Equity,AQUA AMERICA INC,18.11319923,6970802176,803012016,29.59588704,5.517199993,17.1875,51.78570175,6.543450832,US,55104010,Water Utilities,Utilities,,,51.50011444,25,0,0.204699993,323956000,-0.254264643,235914000,1952472960,105694000,33.76039314,9,63.25,,75,0,88.88999939,,,,,,,37,2051261,2051261
WTTR US Equity,SELECT ENERGY -A,,1202622208,,,,,,,US,10101020,Oil & Gas Equipment & Services,Energy,,,0,,,0,,0.440528218,,0,0,,9,,,,,77.77999878,,,,,,,,1031620,1181620
XEC US Equity,CIMAREX ENERGY C,17.42740059,11622782976,1744441984,32.17119715,1.652899981,17.1875,51.78570175,14.01401615,US,10102020,Oil & Gas Exploration & Production,Energy,26.80412292,0,38.22763062,10,1,0.079999998,,-0.651409037,357823000,1486509056,0,-9.970884829,10,68.30000305,,80,1,80,,,,,,,0,2881828,2881828
XEL US Equity,XCEL ENERGY INC,56.60380173,24428472320,11402897920,20.55982929,50.34479904,59.375,69.64289856,6.621654987,US,55101010,Electric Utilities,Utilities,79.36508179,68.25396729,57.3662796,27.27269936,1,0.360000014,2360108032,0.062393465,1186150976,14572966912,819414976,21.89410523,13,62.09090042,72,90.90910339,1,92.30999756,48472.89844,891.2789917,,1.065400004,1751.27002,,47.43999863,3490000,3490000
XOM US Equity,EXXON MOBIL CORP,56.01660156,3.54392E+11,2.22508E+11,23.57589125,51.23970032,48.4375,75,1.264868975,US,10102010,Integrated Oil & Gas,Energy,76.28865814,53.60824585,17.67127228,23.07690048,1,0.769999981,8246000128,-0.452270017,13009999872,24868999168,15740999680,-3.796940278,11,64.69229889,72,84.61540222,1,90.91000366,120000,8000,,100,,,,8127000,14146000
YGE US Equity,YINGLI GREEN-ADR,11.15699959,30718078,1193540658,,,10.52630043,37.5,,CN,45301020,Semiconductors,Information Technology,,,826.4745483,0,1,0,-635612126.4,-2.312136498,-693355044.5,461939721.9,1256298617,-34.99999542,7,55.71429825,,57.14289856,1,57.13999939,,,,,,,,,
